<annotation verified="yes">
	<folder>邱天961-1200</folder>
	<filename>1005.JPEG</filename>
	<path>C:\Users\86155\Desktop\邱天961-1200\1005.JPEG</path>
	<source>
		<database>Unknown</database>
	</source>
	<size>
		<width>4110</width>
		<height>2531</height>
		<depth>3</depth>
	</size>
	<segmented>0</segmented>
	<object>
		<name>persimmon</name>
		<pose>Unspecified</pose>
		<truncated>0</truncated>
		<difficult>1</difficult>
		<bndbox>
			<xmin>379</xmin>
			<ymin>93</ymin>
			<xmax>478</xmax>
			<ymax>180</ymax>
		</bndbox>
	</object>
	<object>
		<name>persimmon</name>
		<pose>Unspecified</pose>
		<truncated>0</truncated>
		<difficult>1</difficult>
		<bndbox>
			<xmin>424</xmin>
			<ymin>21</ymin>
			<xmax>522</xmax>
			<ymax>106</ymax>
		</bndbox>
	</object>
	<object>
		<name>persimmon</name>
		<pose>Unspecified</pose>
		<truncated>0</truncated>
		<difficult>1</difficult>
		<bndbox>
			<xmin>60</xmin>
			<ymin>460</ymin>
			<xmax>144</xmax>
			<ymax>564</ymax>
		</bndbox>
	</object>
	<object>
		<name>persimmon</name>
		<pose>Unspecified</pose>
		<truncated>1</truncated>
		<difficult>1</difficult>
		<bndbox>
			<xmin>1</xmin>
			<ymin>488</ymin>
			<xmax>62</xmax>
			<ymax>575</ymax>
		</bndbox>
	</object>
	<object>
		<name>persimmon</name>
		<pose>Unspecified</pose>
		<truncated>0</truncated>
		<difficult>1</difficult>
		<bndbox>
			<xmin>203</xmin>
			<ymin>717</ymin>
			<xmax>373</xmax>
			<ymax>872</ymax>
		</bndbox>
	</object>
	<object>
		<name>persimmon</name>
		<pose>Unspecified</pose>
		<truncated>0</truncated>
		<difficult>1</difficult>
		<bndbox>
			<xmin>414</xmin>
			<ymin>628</ymin>
			<xmax>518</xmax>
			<ymax>719</ymax>
		</bndbox>
	</object>
	<object>
		<name>persimmon</name>
		<pose>Unspecified</pose>
		<truncated>0</truncated>
		<difficult>1</difficult>
		<bndbox>
			<xmin>417</xmin>
			<ymin>708</ymin>
			<xmax>525</xmax>
			<ymax>788</ymax>
		</bndbox>
	</object>
	<object>
		<name>persimmon</name>
		<pose>Unspecified</pose>
		<truncated>0</truncated>
		<difficult>1</difficult>
		<bndbox>
			<xmin>320</xmin>
			<ymin>839</ymin>
			<xmax>469</xmax>
			<ymax>1008</ymax>
		</bndbox>
	</object>
	<object>
		<name>persimmon</name>
		<pose>Unspecified</pose>
		<truncated>0</truncated>
		<difficult>1</difficult>
		<bndbox>
			<xmin>152</xmin>
			<ymin>847</ymin>
			<xmax>321</xmax>
			<ymax>995</ymax>
		</bndbox>
	</object>
	<object>
		<name>persimmon</name>
		<pose>Unspecified</pose>
		<truncated>0</truncated>
		<difficult>1</difficult>
		<bndbox>
			<xmin>210</xmin>
			<ymin>996</ymin>
			<xmax>364</xmax>
			<ymax>1167</ymax>
		</bndbox>
	</object>
	<object>
		<name>persimmon</name>
		<pose>Unspecified</pose>
		<truncated>0</truncated>
		<difficult>1</difficult>
		<bndbox>
			<xmin>87</xmin>
			<ymin>1007</ymin>
			<xmax>226</xmax>
			<ymax>1166</ymax>
		</bndbox>
	</object>
	<object>
		<name>persimmon</name>
		<pose>Unspecified</pose>
		<truncated>0</truncated>
		<difficult>1</difficult>
		<bndbox>
			<xmin>567</xmin>
			<ymin>1215</ymin>
			<xmax>662</xmax>
			<ymax>1316</ymax>
		</bndbox>
	</object>
	<object>
		<name>persimmon</name>
		<pose>Unspecified</pose>
		<truncated>0</truncated>
		<difficult>1</difficult>
		<bndbox>
			<xmin>722</xmin>
			<ymin>616</ymin>
			<xmax>800</xmax>
			<ymax>716</ymax>
		</bndbox>
	</object>
	<object>
		<name>persimmon</name>
		<pose>Unspecified</pose>
		<truncated>0</truncated>
		<difficult>1</difficult>
		<bndbox>
			<xmin>673</xmin>
			<ymin>638</ymin>
			<xmax>729</xmax>
			<ymax>738</ymax>
		</bndbox>
	</object>
	<object>
		<name>persimmon</name>
		<pose>Unspecified</pose>
		<truncated>0</truncated>
		<difficult>1</difficult>
		<bndbox>
			<xmin>884</xmin>
			<ymin>401</ymin>
			<xmax>957</xmax>
			<ymax>468</ymax>
		</bndbox>
	</object>
	<object>
		<name>persimmon</name>
		<pose>Unspecified</pose>
		<truncated>0</truncated>
		<difficult>1</difficult>
		<bndbox>
			<xmin>1023</xmin>
			<ymin>328</ymin>
			<xmax>1105</xmax>
			<ymax>404</ymax>
		</bndbox>
	</object>
	<object>
		<name>persimmon</name>
		<pose>Unspecified</pose>
		<truncated>0</truncated>
		<difficult>1</difficult>
		<bndbox>
			<xmin>971</xmin>
			<ymin>400</ymin>
			<xmax>1085</xmax>
			<ymax>512</ymax>
		</bndbox>
	</object>
	<object>
		<name>persimmon</name>
		<pose>Unspecified</pose>
		<truncated>0</truncated>
		<difficult>1</difficult>
		<bndbox>
			<xmin>1088</xmin>
			<ymin>414</ymin>
			<xmax>1201</xmax>
			<ymax>522</ymax>
		</bndbox>
	</object>
	<object>
		<name>persimmon</name>
		<pose>Unspecified</pose>
		<truncated>0</truncated>
		<difficult>1</difficult>
		<bndbox>
			<xmin>1215</xmin>
			<ymin>394</ymin>
			<xmax>1293</xmax>
			<ymax>480</ymax>
		</bndbox>
	</object>
	<object>
		<name>persimmon</name>
		<pose>Unspecified</pose>
		<truncated>0</truncated>
		<difficult>1</difficult>
		<bndbox>
			<xmin>1293</xmin>
			<ymin>485</ymin>
			<xmax>1375</xmax>
			<ymax>585</ymax>
		</bndbox>
	</object>
	<object>
		<name>persimmon</name>
		<pose>Unspecified</pose>
		<truncated>0</truncated>
		<difficult>1</difficult>
		<bndbox>
			<xmin>1169</xmin>
			<ymin>512</ymin>
			<xmax>1274</xmax>
			<ymax>614</ymax>
		</bndbox>
	</object>
	<object>
		<name>persimmon</name>
		<pose>Unspecified</pose>
		<truncated>0</truncated>
		<difficult>1</difficult>
		<bndbox>
			<xmin>989</xmin>
			<ymin>548</ymin>
			<xmax>1061</xmax>
			<ymax>616</ymax>
		</bndbox>
	</object>
	<object>
		<name>persimmon</name>
		<pose>Unspecified</pose>
		<truncated>0</truncated>
		<difficult>1</difficult>
		<bndbox>
			<xmin>1040</xmin>
			<ymin>562</ymin>
			<xmax>1138</xmax>
			<ymax>670</ymax>
		</bndbox>
	</object>
	<object>
		<name>persimmon</name>
		<pose>Unspecified</pose>
		<truncated>0</truncated>
		<difficult>1</difficult>
		<bndbox>
			<xmin>1138</xmin>
			<ymin>654</ymin>
			<xmax>1236</xmax>
			<ymax>743</ymax>
		</bndbox>
	</object>
	<object>
		<name>persimmon</name>
		<pose>Unspecified</pose>
		<truncated>0</truncated>
		<difficult>1</difficult>
		<bndbox>
			<xmin>1493</xmin>
			<ymin>432</ymin>
			<xmax>1596</xmax>
			<ymax>537</ymax>
		</bndbox>
	</object>
	<object>
		<name>persimmon</name>
		<pose>Unspecified</pose>
		<truncated>0</truncated>
		<difficult>1</difficult>
		<bndbox>
			<xmin>1515</xmin>
			<ymin>622</ymin>
			<xmax>1614</xmax>
			<ymax>735</ymax>
		</bndbox>
	</object>
	<object>
		<name>persimmon</name>
		<pose>Unspecified</pose>
		<truncated>0</truncated>
		<difficult>1</difficult>
		<bndbox>
			<xmin>1545</xmin>
			<ymin>688</ymin>
			<xmax>1652</xmax>
			<ymax>785</ymax>
		</bndbox>
	</object>
	<object>
		<name>persimmon</name>
		<pose>Unspecified</pose>
		<truncated>0</truncated>
		<difficult>1</difficult>
		<bndbox>
			<xmin>1662</xmin>
			<ymin>619</ymin>
			<xmax>1764</xmax>
			<ymax>720</ymax>
		</bndbox>
	</object>
	<object>
		<name>persimmon</name>
		<pose>Unspecified</pose>
		<truncated>0</truncated>
		<difficult>1</difficult>
		<bndbox>
			<xmin>1805</xmin>
			<ymin>654</ymin>
			<xmax>1911</xmax>
			<ymax>758</ymax>
		</bndbox>
	</object>
	<object>
		<name>persimmon</name>
		<pose>Unspecified</pose>
		<truncated>1</truncated>
		<difficult>1</difficult>
		<bndbox>
			<xmin>2259</xmin>
			<ymin>1</ymin>
			<xmax>2354</xmax>
			<ymax>88</ymax>
		</bndbox>
	</object>
	<object>
		<name>persimmon</name>
		<pose>Unspecified</pose>
		<truncated>0</truncated>
		<difficult>1</difficult>
		<bndbox>
			<xmin>2892</xmin>
			<ymin>207</ymin>
			<xmax>3063</xmax>
			<ymax>369</ymax>
		</bndbox>
	</object>
	<object>
		<name>persimmon</name>
		<pose>Unspecified</pose>
		<truncated>0</truncated>
		<difficult>1</difficult>
		<bndbox>
			<xmin>3839</xmin>
			<ymin>22</ymin>
			<xmax>4047</xmax>
			<ymax>189</ymax>
		</bndbox>
	</object>
	<object>
		<name>persimmon</name>
		<pose>Unspecified</pose>
		<truncated>0</truncated>
		<difficult>1</difficult>
		<bndbox>
			<xmin>3696</xmin>
			<ymin>126</ymin>
			<xmax>3836</xmax>
			<ymax>225</ymax>
		</bndbox>
	</object>
	<object>
		<name>persimmon</name>
		<pose>Unspecified</pose>
		<truncated>0</truncated>
		<difficult>1</difficult>
		<bndbox>
			<xmin>3783</xmin>
			<ymin>172</ymin>
			<xmax>3955</xmax>
			<ymax>338</ymax>
		</bndbox>
	</object>
	<object>
		<name>persimmon</name>
		<pose>Unspecified</pose>
		<truncated>0</truncated>
		<difficult>1</difficult>
		<bndbox>
			<xmin>3939</xmin>
			<ymin>181</ymin>
			<xmax>4058</xmax>
			<ymax>288</ymax>
		</bndbox>
	</object>
	<object>
		<name>persimmon</name>
		<pose>Unspecified</pose>
		<truncated>1</truncated>
		<difficult>1</difficult>
		<bndbox>
			<xmin>3928</xmin>
			<ymin>273</ymin>
			<xmax>4110</xmax>
			<ymax>429</ymax>
		</bndbox>
	</object>
	<object>
		<name>persimmon</name>
		<pose>Unspecified</pose>
		<truncated>0</truncated>
		<difficult>1</difficult>
		<bndbox>
			<xmin>3720</xmin>
			<ymin>333</ymin>
			<xmax>3927</xmax>
			<ymax>503</ymax>
		</bndbox>
	</object>
	<object>
		<name>persimmon</name>
		<pose>Unspecified</pose>
		<truncated>0</truncated>
		<difficult>1</difficult>
		<bndbox>
			<xmin>3611</xmin>
			<ymin>237</ymin>
			<xmax>3750</xmax>
			<ymax>412</ymax>
		</bndbox>
	</object>
	<object>
		<name>persimmon</name>
		<pose>Unspecified</pose>
		<truncated>0</truncated>
		<difficult>1</difficult>
		<bndbox>
			<xmin>3461</xmin>
			<ymin>299</ymin>
			<xmax>3627</xmax>
			<ymax>444</ymax>
		</bndbox>
	</object>
	<object>
		<name>persimmon</name>
		<pose>Unspecified</pose>
		<truncated>0</truncated>
		<difficult>1</difficult>
		<bndbox>
			<xmin>3385</xmin>
			<ymin>276</ymin>
			<xmax>3466</xmax>
			<ymax>355</ymax>
		</bndbox>
	</object>
	<object>
		<name>persimmon</name>
		<pose>Unspecified</pose>
		<truncated>0</truncated>
		<difficult>1</difficult>
		<bndbox>
			<xmin>3420</xmin>
			<ymin>216</ymin>
			<xmax>3496</xmax>
			<ymax>283</ymax>
		</bndbox>
	</object>
	<object>
		<name>persimmon</name>
		<pose>Unspecified</pose>
		<truncated>0</truncated>
		<difficult>1</difficult>
		<bndbox>
			<xmin>3230</xmin>
			<ymin>458</ymin>
			<xmax>3391</xmax>
			<ymax>623</ymax>
		</bndbox>
	</object>
	<object>
		<name>persimmon</name>
		<pose>Unspecified</pose>
		<truncated>0</truncated>
		<difficult>1</difficult>
		<bndbox>
			<xmin>3370</xmin>
			<ymin>443</ymin>
			<xmax>3534</xmax>
			<ymax>619</ymax>
		</bndbox>
	</object>
	<object>
		<name>persimmon</name>
		<pose>Unspecified</pose>
		<truncated>0</truncated>
		<difficult>1</difficult>
		<bndbox>
			<xmin>3657</xmin>
			<ymin>554</ymin>
			<xmax>3714</xmax>
			<ymax>617</ymax>
		</bndbox>
	</object>
	<object>
		<name>persimmon</name>
		<pose>Unspecified</pose>
		<truncated>0</truncated>
		<difficult>1</difficult>
		<bndbox>
			<xmin>3707</xmin>
			<ymin>678</ymin>
			<xmax>3783</xmax>
			<ymax>754</ymax>
		</bndbox>
	</object>
	<object>
		<name>persimmon</name>
		<pose>Unspecified</pose>
		<truncated>1</truncated>
		<difficult>1</difficult>
		<bndbox>
			<xmin>4079</xmin>
			<ymin>854</ymin>
			<xmax>4110</xmax>
			<ymax>908</ymax>
		</bndbox>
	</object>
	<object>
		<name>persimmon</name>
		<pose>Unspecified</pose>
		<truncated>0</truncated>
		<difficult>1</difficult>
		<bndbox>
			<xmin>3365</xmin>
			<ymin>877</ymin>
			<xmax>3444</xmax>
			<ymax>952</ymax>
		</bndbox>
	</object>
	<object>
		<name>persimmon</name>
		<pose>Unspecified</pose>
		<truncated>0</truncated>
		<difficult>1</difficult>
		<bndbox>
			<xmin>3420</xmin>
			<ymin>932</ymin>
			<xmax>3483</xmax>
			<ymax>1010</ymax>
		</bndbox>
	</object>
	<object>
		<name>persimmon</name>
		<pose>Unspecified</pose>
		<truncated>0</truncated>
		<difficult>1</difficult>
		<bndbox>
			<xmin>3390</xmin>
			<ymin>1019</ymin>
			<xmax>3462</xmax>
			<ymax>1095</ymax>
		</bndbox>
	</object>
	<object>
		<name>persimmon</name>
		<pose>Unspecified</pose>
		<truncated>0</truncated>
		<difficult>1</difficult>
		<bndbox>
			<xmin>3468</xmin>
			<ymin>1042</ymin>
			<xmax>3545</xmax>
			<ymax>1127</ymax>
		</bndbox>
	</object>
	<object>
		<name>persimmon</name>
		<pose>Unspecified</pose>
		<truncated>0</truncated>
		<difficult>1</difficult>
		<bndbox>
			<xmin>3466</xmin>
			<ymin>893</ymin>
			<xmax>3532</xmax>
			<ymax>951</ymax>
		</bndbox>
	</object>
	<object>
		<name>persimmon</name>
		<pose>Unspecified</pose>
		<truncated>0</truncated>
		<difficult>1</difficult>
		<bndbox>
			<xmin>3535</xmin>
			<ymin>1166</ymin>
			<xmax>3619</xmax>
			<ymax>1250</ymax>
		</bndbox>
	</object>
	<object>
		<name>persimmon</name>
		<pose>Unspecified</pose>
		<truncated>0</truncated>
		<difficult>1</difficult>
		<bndbox>
			<xmin>3529</xmin>
			<ymin>1255</ymin>
			<xmax>3616</xmax>
			<ymax>1338</ymax>
		</bndbox>
	</object>
	<object>
		<name>persimmon</name>
		<pose>Unspecified</pose>
		<truncated>0</truncated>
		<difficult>1</difficult>
		<bndbox>
			<xmin>3509</xmin>
			<ymin>2115</ymin>
			<xmax>3613</xmax>
			<ymax>2227</ymax>
		</bndbox>
	</object>
	<object>
		<name>persimmon</name>
		<pose>Unspecified</pose>
		<truncated>0</truncated>
		<difficult>1</difficult>
		<bndbox>
			<xmin>3614</xmin>
			<ymin>2084</ymin>
			<xmax>3750</xmax>
			<ymax>2185</ymax>
		</bndbox>
	</object>
	<object>
		<name>persimmon</name>
		<pose>Unspecified</pose>
		<truncated>0</truncated>
		<difficult>1</difficult>
		<bndbox>
			<xmin>3599</xmin>
			<ymin>2169</ymin>
			<xmax>3722</xmax>
			<ymax>2285</ymax>
		</bndbox>
	</object>
	<object>
		<name>persimmon</name>
		<pose>Unspecified</pose>
		<truncated>0</truncated>
		<difficult>1</difficult>
		<bndbox>
			<xmin>3715</xmin>
			<ymin>2157</ymin>
			<xmax>3778</xmax>
			<ymax>2257</ymax>
		</bndbox>
	</object>
	<object>
		<name>persimmon</name>
		<pose>Unspecified</pose>
		<truncated>0</truncated>
		<difficult>1</difficult>
		<bndbox>
			<xmin>3380</xmin>
			<ymin>2069</ymin>
			<xmax>3497</xmax>
			<ymax>2150</ymax>
		</bndbox>
	</object>
	<object>
		<name>persimmon</name>
		<pose>Unspecified</pose>
		<truncated>0</truncated>
		<difficult>1</difficult>
		<bndbox>
			<xmin>3232</xmin>
			<ymin>2380</ymin>
			<xmax>3350</xmax>
			<ymax>2502</ymax>
		</bndbox>
	</object>
	<object>
		<name>persimmon</name>
		<pose>Unspecified</pose>
		<truncated>0</truncated>
		<difficult>1</difficult>
		<bndbox>
			<xmin>2982</xmin>
			<ymin>2310</ymin>
			<xmax>3106</xmax>
			<ymax>2391</ymax>
		</bndbox>
	</object>
	<object>
		<name>persimmon</name>
		<pose>Unspecified</pose>
		<truncated>0</truncated>
		<difficult>1</difficult>
		<bndbox>
			<xmin>2988</xmin>
			<ymin>2381</ymin>
			<xmax>3119</xmax>
			<ymax>2486</ymax>
		</bndbox>
	</object>
	<object>
		<name>persimmon</name>
		<pose>Unspecified</pose>
		<truncated>1</truncated>
		<difficult>1</difficult>
		<bndbox>
			<xmin>3002</xmin>
			<ymin>2471</ymin>
			<xmax>3134</xmax>
			<ymax>2531</ymax>
		</bndbox>
	</object>
	<object>
		<name>persimmon</name>
		<pose>Unspecified</pose>
		<truncated>0</truncated>
		<difficult>1</difficult>
		<bndbox>
			<xmin>3079</xmin>
			<ymin>1888</ymin>
			<xmax>3310</xmax>
			<ymax>2071</ymax>
		</bndbox>
	</object>
	<object>
		<name>persimmon</name>
		<pose>Unspecified</pose>
		<truncated>0</truncated>
		<difficult>1</difficult>
		<bndbox>
			<xmin>2912</xmin>
			<ymin>1911</ymin>
			<xmax>3078</xmax>
			<ymax>2085</ymax>
		</bndbox>
	</object>
	<object>
		<name>persimmon</name>
		<pose>Unspecified</pose>
		<truncated>0</truncated>
		<difficult>1</difficult>
		<bndbox>
			<xmin>2624</xmin>
			<ymin>1737</ymin>
			<xmax>2815</xmax>
			<ymax>1925</ymax>
		</bndbox>
	</object>
	<object>
		<name>persimmon</name>
		<pose>Unspecified</pose>
		<truncated>0</truncated>
		<difficult>1</difficult>
		<bndbox>
			<xmin>2617</xmin>
			<ymin>1685</ymin>
			<xmax>2736</xmax>
			<ymax>1759</ymax>
		</bndbox>
	</object>
	<object>
		<name>persimmon</name>
		<pose>Unspecified</pose>
		<truncated>0</truncated>
		<difficult>1</difficult>
		<bndbox>
			<xmin>2502</xmin>
			<ymin>1845</ymin>
			<xmax>2604</xmax>
			<ymax>1956</ymax>
		</bndbox>
	</object>
	<object>
		<name>persimmon</name>
		<pose>Unspecified</pose>
		<truncated>0</truncated>
		<difficult>1</difficult>
		<bndbox>
			<xmin>2404</xmin>
			<ymin>1764</ymin>
			<xmax>2510</xmax>
			<ymax>1868</ymax>
		</bndbox>
	</object>
	<object>
		<name>persimmon</name>
		<pose>Unspecified</pose>
		<truncated>0</truncated>
		<difficult>1</difficult>
		<bndbox>
			<xmin>2881</xmin>
			<ymin>1220</ymin>
			<xmax>3041</xmax>
			<ymax>1371</ymax>
		</bndbox>
	</object>
	<object>
		<name>persimmon</name>
		<pose>Unspecified</pose>
		<truncated>0</truncated>
		<difficult>1</difficult>
		<bndbox>
			<xmin>2888</xmin>
			<ymin>1065</ymin>
			<xmax>3072</xmax>
			<ymax>1227</ymax>
		</bndbox>
	</object>
	<object>
		<name>persimmon</name>
		<pose>Unspecified</pose>
		<truncated>0</truncated>
		<difficult>1</difficult>
		<bndbox>
			<xmin>2955</xmin>
			<ymin>925</ymin>
			<xmax>3167</xmax>
			<ymax>1130</ymax>
		</bndbox>
	</object>
	<object>
		<name>persimmon</name>
		<pose>Unspecified</pose>
		<truncated>0</truncated>
		<difficult>1</difficult>
		<bndbox>
			<xmin>2882</xmin>
			<ymin>968</ymin>
			<xmax>2969</xmax>
			<ymax>1063</ymax>
		</bndbox>
	</object>
	<object>
		<name>persimmon</name>
		<pose>Unspecified</pose>
		<truncated>0</truncated>
		<difficult>1</difficult>
		<bndbox>
			<xmin>2824</xmin>
			<ymin>920</ymin>
			<xmax>2924</xmax>
			<ymax>1013</ymax>
		</bndbox>
	</object>
	<object>
		<name>persimmon</name>
		<pose>Unspecified</pose>
		<truncated>0</truncated>
		<difficult>1</difficult>
		<bndbox>
			<xmin>2598</xmin>
			<ymin>786</ymin>
			<xmax>2799</xmax>
			<ymax>972</ymax>
		</bndbox>
	</object>
	<object>
		<name>persimmon</name>
		<pose>Unspecified</pose>
		<truncated>0</truncated>
		<difficult>1</difficult>
		<bndbox>
			<xmin>2605</xmin>
			<ymin>10</ymin>
			<xmax>2668</xmax>
			<ymax>68</ymax>
		</bndbox>
	</object>
	<object>
		<name>persimmon</name>
		<pose>Unspecified</pose>
		<truncated>0</truncated>
		<difficult>1</difficult>
		<bndbox>
			<xmin>581</xmin>
			<ymin>771</ymin>
			<xmax>698</xmax>
			<ymax>903</ymax>
		</bndbox>
	</object>
	<object>
		<name>persimmon</name>
		<pose>Unspecified</pose>
		<truncated>0</truncated>
		<difficult>1</difficult>
		<bndbox>
			<xmin>681</xmin>
			<ymin>822</ymin>
			<xmax>771</xmax>
			<ymax>932</ymax>
		</bndbox>
	</object>
	<object>
		<name>persimmon</name>
		<pose>Unspecified</pose>
		<truncated>0</truncated>
		<difficult>1</difficult>
		<bndbox>
			<xmin>642</xmin>
			<ymin>938</ymin>
			<xmax>728</xmax>
			<ymax>1022</ymax>
		</bndbox>
	</object>
	<object>
		<name>persimmon</name>
		<pose>Unspecified</pose>
		<truncated>0</truncated>
		<difficult>1</difficult>
		<bndbox>
			<xmin>1493</xmin>
			<ymin>1184</ymin>
			<xmax>1655</xmax>
			<ymax>1359</ymax>
		</bndbox>
	</object>
	<object>
		<name>persimmon</name>
		<pose>Unspecified</pose>
		<truncated>0</truncated>
		<difficult>1</difficult>
		<bndbox>
			<xmin>1772</xmin>
			<ymin>999</ymin>
			<xmax>1895</xmax>
			<ymax>1127</ymax>
		</bndbox>
	</object>
	<object>
		<name>persimmon</name>
		<pose>Unspecified</pose>
		<truncated>0</truncated>
		<difficult>1</difficult>
		<bndbox>
			<xmin>1842</xmin>
			<ymin>955</ymin>
			<xmax>1968</xmax>
			<ymax>1094</ymax>
		</bndbox>
	</object>
	<object>
		<name>persimmon</name>
		<pose>Unspecified</pose>
		<truncated>0</truncated>
		<difficult>1</difficult>
		<bndbox>
			<xmin>1235</xmin>
			<ymin>1108</ymin>
			<xmax>1300</xmax>
			<ymax>1167</ymax>
		</bndbox>
	</object>
	<object>
		<name>persimmon</name>
		<pose>Unspecified</pose>
		<truncated>0</truncated>
		<difficult>1</difficult>
		<bndbox>
			<xmin>1369</xmin>
			<ymin>1231</ymin>
			<xmax>1444</xmax>
			<ymax>1293</ymax>
		</bndbox>
	</object>
	<object>
		<name>persimmon</name>
		<pose>Unspecified</pose>
		<truncated>0</truncated>
		<difficult>1</difficult>
		<bndbox>
			<xmin>742</xmin>
			<ymin>1246</ymin>
			<xmax>815</xmax>
			<ymax>1303</ymax>
		</bndbox>
	</object>
	<object>
		<name>persimmon</name>
		<pose>Unspecified</pose>
		<truncated>0</truncated>
		<difficult>1</difficult>
		<bndbox>
			<xmin>683</xmin>
			<ymin>1287</ymin>
			<xmax>756</xmax>
			<ymax>1340</ymax>
		</bndbox>
	</object>
	<object>
		<name>persimmon</name>
		<pose>Unspecified</pose>
		<truncated>0</truncated>
		<difficult>1</difficult>
		<bndbox>
			<xmin>696</xmin>
			<ymin>1322</ymin>
			<xmax>781</xmax>
			<ymax>1402</ymax>
		</bndbox>
	</object>
	<object>
		<name>persimmon</name>
		<pose>Unspecified</pose>
		<truncated>0</truncated>
		<difficult>1</difficult>
		<bndbox>
			<xmin>481</xmin>
			<ymin>1413</ymin>
			<xmax>599</xmax>
			<ymax>1539</ymax>
		</bndbox>
	</object>
	<object>
		<name>persimmon</name>
		<pose>Unspecified</pose>
		<truncated>0</truncated>
		<difficult>1</difficult>
		<bndbox>
			<xmin>599</xmin>
			<ymin>1462</ymin>
			<xmax>660</xmax>
			<ymax>1549</ymax>
		</bndbox>
	</object>
	<object>
		<name>persimmon</name>
		<pose>Unspecified</pose>
		<truncated>0</truncated>
		<difficult>1</difficult>
		<bndbox>
			<xmin>662</xmin>
			<ymin>1439</ymin>
			<xmax>788</xmax>
			<ymax>1542</ymax>
		</bndbox>
	</object>
	<object>
		<name>persimmon</name>
		<pose>Unspecified</pose>
		<truncated>0</truncated>
		<difficult>1</difficult>
		<bndbox>
			<xmin>830</xmin>
			<ymin>1485</ymin>
			<xmax>925</xmax>
			<ymax>1568</ymax>
		</bndbox>
	</object>
	<object>
		<name>persimmon</name>
		<pose>Unspecified</pose>
		<truncated>0</truncated>
		<difficult>1</difficult>
		<bndbox>
			<xmin>921</xmin>
			<ymin>1460</ymin>
			<xmax>1013</xmax>
			<ymax>1564</ymax>
		</bndbox>
	</object>
	<object>
		<name>persimmon</name>
		<pose>Unspecified</pose>
		<truncated>0</truncated>
		<difficult>1</difficult>
		<bndbox>
			<xmin>1153</xmin>
			<ymin>1502</ymin>
			<xmax>1243</xmax>
			<ymax>1582</ymax>
		</bndbox>
	</object>
	<object>
		<name>persimmon</name>
		<pose>Unspecified</pose>
		<truncated>0</truncated>
		<difficult>1</difficult>
		<bndbox>
			<xmin>794</xmin>
			<ymin>1531</ymin>
			<xmax>895</xmax>
			<ymax>1648</ymax>
		</bndbox>
	</object>
	<object>
		<name>persimmon</name>
		<pose>Unspecified</pose>
		<truncated>0</truncated>
		<difficult>1</difficult>
		<bndbox>
			<xmin>598</xmin>
			<ymin>1770</ymin>
			<xmax>713</xmax>
			<ymax>1883</ymax>
		</bndbox>
	</object>
	<object>
		<name>persimmon</name>
		<pose>Unspecified</pose>
		<truncated>0</truncated>
		<difficult>1</difficult>
		<bndbox>
			<xmin>739</xmin>
			<ymin>1759</ymin>
			<xmax>805</xmax>
			<ymax>1872</ymax>
		</bndbox>
	</object>
	<object>
		<name>persimmon</name>
		<pose>Unspecified</pose>
		<truncated>0</truncated>
		<difficult>1</difficult>
		<bndbox>
			<xmin>480</xmin>
			<ymin>1637</ymin>
			<xmax>639</xmax>
			<ymax>1757</ymax>
		</bndbox>
	</object>
	<object>
		<name>persimmon</name>
		<pose>Unspecified</pose>
		<truncated>0</truncated>
		<difficult>1</difficult>
		<bndbox>
			<xmin>476</xmin>
			<ymin>1595</ymin>
			<xmax>592</xmax>
			<ymax>1655</ymax>
		</bndbox>
	</object>
	<object>
		<name>persimmon</name>
		<pose>Unspecified</pose>
		<truncated>0</truncated>
		<difficult>1</difficult>
		<bndbox>
			<xmin>569</xmin>
			<ymin>1862</ymin>
			<xmax>640</xmax>
			<ymax>1939</ymax>
		</bndbox>
	</object>
	<object>
		<name>persimmon</name>
		<pose>Unspecified</pose>
		<truncated>0</truncated>
		<difficult>1</difficult>
		<bndbox>
			<xmin>513</xmin>
			<ymin>1898</ymin>
			<xmax>612</xmax>
			<ymax>1972</ymax>
		</bndbox>
	</object>
	<object>
		<name>persimmon</name>
		<pose>Unspecified</pose>
		<truncated>0</truncated>
		<difficult>1</difficult>
		<bndbox>
			<xmin>601</xmin>
			<ymin>1933</ymin>
			<xmax>695</xmax>
			<ymax>2012</ymax>
		</bndbox>
	</object>
	<object>
		<name>persimmon</name>
		<pose>Unspecified</pose>
		<truncated>0</truncated>
		<difficult>1</difficult>
		<bndbox>
			<xmin>480</xmin>
			<ymin>1964</ymin>
			<xmax>540</xmax>
			<ymax>2045</ymax>
		</bndbox>
	</object>
	<object>
		<name>persimmon</name>
		<pose>Unspecified</pose>
		<truncated>0</truncated>
		<difficult>1</difficult>
		<bndbox>
			<xmin>70</xmin>
			<ymin>1873</ymin>
			<xmax>195</xmax>
			<ymax>1997</ymax>
		</bndbox>
	</object>
	<object>
		<name>persimmon</name>
		<pose>Unspecified</pose>
		<truncated>0</truncated>
		<difficult>1</difficult>
		<bndbox>
			<xmin>142</xmin>
			<ymin>1995</ymin>
			<xmax>260</xmax>
			<ymax>2098</ymax>
		</bndbox>
	</object>
	<object>
		<name>persimmon</name>
		<pose>Unspecified</pose>
		<truncated>0</truncated>
		<difficult>1</difficult>
		<bndbox>
			<xmin>489</xmin>
			<ymin>2094</ymin>
			<xmax>544</xmax>
			<ymax>2185</ymax>
		</bndbox>
	</object>
	<object>
		<name>persimmon</name>
		<pose>Unspecified</pose>
		<truncated>0</truncated>
		<difficult>1</difficult>
		<bndbox>
			<xmin>233</xmin>
			<ymin>2223</ymin>
			<xmax>345</xmax>
			<ymax>2336</ymax>
		</bndbox>
	</object>
	<object>
		<name>persimmon</name>
		<pose>Unspecified</pose>
		<truncated>0</truncated>
		<difficult>1</difficult>
		<bndbox>
			<xmin>1116</xmin>
			<ymin>2398</ymin>
			<xmax>1209</xmax>
			<ymax>2502</ymax>
		</bndbox>
	</object>
	<object>
		<name>persimmon</name>
		<pose>Unspecified</pose>
		<truncated>0</truncated>
		<difficult>1</difficult>
		<bndbox>
			<xmin>1135</xmin>
			<ymin>2172</ymin>
			<xmax>1238</xmax>
			<ymax>2265</ymax>
		</bndbox>
	</object>
	<object>
		<name>persimmon</name>
		<pose>Unspecified</pose>
		<truncated>0</truncated>
		<difficult>1</difficult>
		<bndbox>
			<xmin>1434</xmin>
			<ymin>2085</ymin>
			<xmax>1517</xmax>
			<ymax>2163</ymax>
		</bndbox>
	</object>
	<object>
		<name>persimmon</name>
		<pose>Unspecified</pose>
		<truncated>0</truncated>
		<difficult>1</difficult>
		<bndbox>
			<xmin>1517</xmin>
			<ymin>2289</ymin>
			<xmax>1599</xmax>
			<ymax>2368</ymax>
		</bndbox>
	</object>
	<object>
		<name>persimmon</name>
		<pose>Unspecified</pose>
		<truncated>0</truncated>
		<difficult>1</difficult>
		<bndbox>
			<xmin>1464</xmin>
			<ymin>2238</ymin>
			<xmax>1537</xmax>
			<ymax>2313</ymax>
		</bndbox>
	</object>
	<object>
		<name>persimmon</name>
		<pose>Unspecified</pose>
		<truncated>0</truncated>
		<difficult>1</difficult>
		<bndbox>
			<xmin>1517</xmin>
			<ymin>2129</ymin>
			<xmax>1658</xmax>
			<ymax>2264</ymax>
		</bndbox>
	</object>
	<object>
		<name>persimmon</name>
		<pose>Unspecified</pose>
		<truncated>0</truncated>
		<difficult>1</difficult>
		<bndbox>
			<xmin>1560</xmin>
			<ymin>2082</ymin>
			<xmax>1675</xmax>
			<ymax>2176</ymax>
		</bndbox>
	</object>
	<object>
		<name>persimmon</name>
		<pose>Unspecified</pose>
		<truncated>0</truncated>
		<difficult>1</difficult>
		<bndbox>
			<xmin>1676</xmin>
			<ymin>2191</ymin>
			<xmax>1790</xmax>
			<ymax>2314</ymax>
		</bndbox>
	</object>
	<object>
		<name>persimmon</name>
		<pose>Unspecified</pose>
		<truncated>0</truncated>
		<difficult>1</difficult>
		<bndbox>
			<xmin>1764</xmin>
			<ymin>2281</ymin>
			<xmax>1846</xmax>
			<ymax>2340</ymax>
		</bndbox>
	</object>
	<object>
		<name>persimmon</name>
		<pose>Unspecified</pose>
		<truncated>0</truncated>
		<difficult>1</difficult>
		<bndbox>
			<xmin>2036</xmin>
			<ymin>2067</ymin>
			<xmax>2233</xmax>
			<ymax>2287</ymax>
		</bndbox>
	</object>
	<object>
		<name>persimmon</name>
		<pose>Unspecified</pose>
		<truncated>0</truncated>
		<difficult>1</difficult>
		<bndbox>
			<xmin>2203</xmin>
			<ymin>2049</ymin>
			<xmax>2311</xmax>
			<ymax>2253</ymax>
		</bndbox>
	</object>
	<object>
		<name>persimmon</name>
		<pose>Unspecified</pose>
		<truncated>0</truncated>
		<difficult>1</difficult>
		<bndbox>
			<xmin>2231</xmin>
			<ymin>1843</ymin>
			<xmax>2432</xmax>
			<ymax>2028</ymax>
		</bndbox>
	</object>
	<object>
		<name>persimmon</name>
		<pose>Unspecified</pose>
		<truncated>0</truncated>
		<difficult>1</difficult>
		<bndbox>
			<xmin>1899</xmin>
			<ymin>1992</ymin>
			<xmax>2080</xmax>
			<ymax>2173</ymax>
		</bndbox>
	</object>
	<object>
		<name>persimmon</name>
		<pose>Unspecified</pose>
		<truncated>0</truncated>
		<difficult>1</difficult>
		<bndbox>
			<xmin>2036</xmin>
			<ymin>1882</ymin>
			<xmax>2243</xmax>
			<ymax>2043</ymax>
		</bndbox>
	</object>
	<object>
		<name>persimmon</name>
		<pose>Unspecified</pose>
		<truncated>0</truncated>
		<difficult>1</difficult>
		<bndbox>
			<xmin>1945</xmin>
			<ymin>1831</ymin>
			<xmax>2132</xmax>
			<ymax>1989</ymax>
		</bndbox>
	</object>
	<object>
		<name>persimmon</name>
		<pose>Unspecified</pose>
		<truncated>0</truncated>
		<difficult>1</difficult>
		<bndbox>
			<xmin>2173</xmin>
			<ymin>1811</ymin>
			<xmax>2264</xmax>
			<ymax>1881</ymax>
		</bndbox>
	</object>
	<object>
		<name>persimmon</name>
		<pose>Unspecified</pose>
		<truncated>0</truncated>
		<difficult>1</difficult>
		<bndbox>
			<xmin>1758</xmin>
			<ymin>1804</ymin>
			<xmax>1879</xmax>
			<ymax>1899</ymax>
		</bndbox>
	</object>
	<object>
		<name>persimmon</name>
		<pose>Unspecified</pose>
		<truncated>0</truncated>
		<difficult>1</difficult>
		<bndbox>
			<xmin>1889</xmin>
			<ymin>1662</ymin>
			<xmax>2072</xmax>
			<ymax>1855</ymax>
		</bndbox>
	</object>
	<object>
		<name>persimmon</name>
		<pose>Unspecified</pose>
		<truncated>0</truncated>
		<difficult>1</difficult>
		<bndbox>
			<xmin>2092</xmin>
			<ymin>1565</ymin>
			<xmax>2171</xmax>
			<ymax>1637</ymax>
		</bndbox>
	</object>
	<object>
		<name>persimmon</name>
		<pose>Unspecified</pose>
		<truncated>0</truncated>
		<difficult>1</difficult>
		<bndbox>
			<xmin>2188</xmin>
			<ymin>1415</ymin>
			<xmax>2331</xmax>
			<ymax>1565</ymax>
		</bndbox>
	</object>
	<object>
		<name>persimmon</name>
		<pose>Unspecified</pose>
		<truncated>0</truncated>
		<difficult>1</difficult>
		<bndbox>
			<xmin>2057</xmin>
			<ymin>1310</ymin>
			<xmax>2196</xmax>
			<ymax>1443</ymax>
		</bndbox>
	</object>
	<object>
		<name>persimmon</name>
		<pose>Unspecified</pose>
		<truncated>0</truncated>
		<difficult>1</difficult>
		<bndbox>
			<xmin>1315</xmin>
			<ymin>1536</ymin>
			<xmax>1371</xmax>
			<ymax>1601</ymax>
		</bndbox>
	</object>
	<object>
		<name>persimmon</name>
		<pose>Unspecified</pose>
		<truncated>0</truncated>
		<difficult>1</difficult>
		<bndbox>
			<xmin>1370</xmin>
			<ymin>1519</ymin>
			<xmax>1446</xmax>
			<ymax>1606</ymax>
		</bndbox>
	</object>
	<object>
		<name>persimmon</name>
		<pose>Unspecified</pose>
		<truncated>0</truncated>
		<difficult>1</difficult>
		<bndbox>
			<xmin>1440</xmin>
			<ymin>1527</ymin>
			<xmax>1491</xmax>
			<ymax>1607</ymax>
		</bndbox>
	</object>
	<object>
		<name>persimmon</name>
		<pose>Unspecified</pose>
		<truncated>0</truncated>
		<difficult>1</difficult>
		<bndbox>
			<xmin>1454</xmin>
			<ymin>1646</ymin>
			<xmax>1545</xmax>
			<ymax>1740</ymax>
		</bndbox>
	</object>
	<object>
		<name>persimmon</name>
		<pose>Unspecified</pose>
		<truncated>0</truncated>
		<difficult>1</difficult>
		<bndbox>
			<xmin>1510</xmin>
			<ymin>1581</ymin>
			<xmax>1615</xmax>
			<ymax>1691</ymax>
		</bndbox>
	</object>
	<object>
		<name>persimmon</name>
		<pose>Unspecified</pose>
		<truncated>0</truncated>
		<difficult>1</difficult>
		<bndbox>
			<xmin>1665</xmin>
			<ymin>1523</ymin>
			<xmax>1805</xmax>
			<ymax>1676</ymax>
		</bndbox>
	</object>
	<object>
		<name>persimmon</name>
		<pose>Unspecified</pose>
		<truncated>0</truncated>
		<difficult>1</difficult>
		<bndbox>
			<xmin>1809</xmin>
			<ymin>1513</ymin>
			<xmax>1946</xmax>
			<ymax>1667</ymax>
		</bndbox>
	</object>
	<object>
		<name>persimmon</name>
		<pose>Unspecified</pose>
		<truncated>0</truncated>
		<difficult>1</difficult>
		<bndbox>
			<xmin>1921</xmin>
			<ymin>1493</ymin>
			<xmax>2035</xmax>
			<ymax>1647</ymax>
		</bndbox>
	</object>
	<object>
		<name>persimmon</name>
		<pose>Unspecified</pose>
		<truncated>0</truncated>
		<difficult>1</difficult>
		<bndbox>
			<xmin>1922</xmin>
			<ymin>1433</ymin>
			<xmax>2030</xmax>
			<ymax>1512</ymax>
		</bndbox>
	</object>
	<object>
		<name>persimmon</name>
		<pose>Unspecified</pose>
		<truncated>0</truncated>
		<difficult>1</difficult>
		<bndbox>
			<xmin>1832</xmin>
			<ymin>1358</ymin>
			<xmax>1901</xmax>
			<ymax>1466</ymax>
		</bndbox>
	</object>
	<object>
		<name>persimmon</name>
		<pose>Unspecified</pose>
		<truncated>0</truncated>
		<difficult>1</difficult>
		<bndbox>
			<xmin>1676</xmin>
			<ymin>1389</ymin>
			<xmax>1829</xmax>
			<ymax>1527</ymax>
		</bndbox>
	</object>
	<object>
		<name>persimmon</name>
		<pose>Unspecified</pose>
		<truncated>0</truncated>
		<difficult>1</difficult>
		<bndbox>
			<xmin>1879</xmin>
			<ymin>1342</ymin>
			<xmax>2016</xmax>
			<ymax>1437</ymax>
		</bndbox>
	</object>
	<object>
		<name>persimmon</name>
		<pose>Unspecified</pose>
		<truncated>0</truncated>
		<difficult>1</difficult>
		<bndbox>
			<xmin>1833</xmin>
			<ymin>1236</ymin>
			<xmax>1984</xmax>
			<ymax>1386</ymax>
		</bndbox>
	</object>
	<object>
		<name>persimmon</name>
		<pose>Unspecified</pose>
		<truncated>0</truncated>
		<difficult>1</difficult>
		<bndbox>
			<xmin>1824</xmin>
			<ymin>1165</ymin>
			<xmax>1948</xmax>
			<ymax>1264</ymax>
		</bndbox>
	</object>
	<object>
		<name>persimmon</name>
		<pose>Unspecified</pose>
		<truncated>0</truncated>
		<difficult>1</difficult>
		<bndbox>
			<xmin>1620</xmin>
			<ymin>1218</ymin>
			<xmax>1783</xmax>
			<ymax>1375</ymax>
		</bndbox>
	</object>
</annotation>
