<annotation verified="yes">
	<folder>邱天961-1200</folder>
	<filename>1007.JPEG</filename>
	<path>C:\Users\86155\Desktop\邱天961-1200\1007.JPEG</path>
	<source>
		<database>Unknown</database>
	</source>
	<size>
		<width>2892</width>
		<height>3579</height>
		<depth>3</depth>
	</size>
	<segmented>0</segmented>
	<object>
		<name>persimmon</name>
		<pose>Unspecified</pose>
		<truncated>1</truncated>
		<difficult>1</difficult>
		<bndbox>
			<xmin>1885</xmin>
			<ymin>1</ymin>
			<xmax>2080</xmax>
			<ymax>127</ymax>
		</bndbox>
	</object>
	<object>
		<name>persimmon</name>
		<pose>Unspecified</pose>
		<truncated>0</truncated>
		<difficult>1</difficult>
		<bndbox>
			<xmin>2235</xmin>
			<ymin>34</ymin>
			<xmax>2411</xmax>
			<ymax>189</ymax>
		</bndbox>
	</object>
	<object>
		<name>persimmon</name>
		<pose>Unspecified</pose>
		<truncated>1</truncated>
		<difficult>1</difficult>
		<bndbox>
			<xmin>2358</xmin>
			<ymin>1</ymin>
			<xmax>2462</xmax>
			<ymax>98</ymax>
		</bndbox>
	</object>
	<object>
		<name>persimmon</name>
		<pose>Unspecified</pose>
		<truncated>0</truncated>
		<difficult>1</difficult>
		<bndbox>
			<xmin>2494</xmin>
			<ymin>214</ymin>
			<xmax>2626</xmax>
			<ymax>345</ymax>
		</bndbox>
	</object>
	<object>
		<name>persimmon</name>
		<pose>Unspecified</pose>
		<truncated>0</truncated>
		<difficult>1</difficult>
		<bndbox>
			<xmin>2335</xmin>
			<ymin>221</ymin>
			<xmax>2456</xmax>
			<ymax>350</ymax>
		</bndbox>
	</object>
	<object>
		<name>persimmon</name>
		<pose>Unspecified</pose>
		<truncated>0</truncated>
		<difficult>1</difficult>
		<bndbox>
			<xmin>2357</xmin>
			<ymin>332</ymin>
			<xmax>2451</xmax>
			<ymax>391</ymax>
		</bndbox>
	</object>
	<object>
		<name>persimmon</name>
		<pose>Unspecified</pose>
		<truncated>0</truncated>
		<difficult>1</difficult>
		<bndbox>
			<xmin>1779</xmin>
			<ymin>88</ymin>
			<xmax>1942</xmax>
			<ymax>239</ymax>
		</bndbox>
	</object>
	<object>
		<name>persimmon</name>
		<pose>Unspecified</pose>
		<truncated>0</truncated>
		<difficult>1</difficult>
		<bndbox>
			<xmin>1699</xmin>
			<ymin>75</ymin>
			<xmax>1792</xmax>
			<ymax>241</ymax>
		</bndbox>
	</object>
	<object>
		<name>persimmon</name>
		<pose>Unspecified</pose>
		<truncated>0</truncated>
		<difficult>1</difficult>
		<bndbox>
			<xmin>1653</xmin>
			<ymin>115</ymin>
			<xmax>1708</xmax>
			<ymax>240</ymax>
		</bndbox>
	</object>
	<object>
		<name>persimmon</name>
		<pose>Unspecified</pose>
		<truncated>0</truncated>
		<difficult>1</difficult>
		<bndbox>
			<xmin>1518</xmin>
			<ymin>80</ymin>
			<xmax>1631</xmax>
			<ymax>205</ymax>
		</bndbox>
	</object>
	<object>
		<name>persimmon</name>
		<pose>Unspecified</pose>
		<truncated>0</truncated>
		<difficult>1</difficult>
		<bndbox>
			<xmin>1381</xmin>
			<ymin>141</ymin>
			<xmax>1472</xmax>
			<ymax>225</ymax>
		</bndbox>
	</object>
	<object>
		<name>persimmon</name>
		<pose>Unspecified</pose>
		<truncated>0</truncated>
		<difficult>1</difficult>
		<bndbox>
			<xmin>1551</xmin>
			<ymin>180</ymin>
			<xmax>1663</xmax>
			<ymax>310</ymax>
		</bndbox>
	</object>
	<object>
		<name>persimmon</name>
		<pose>Unspecified</pose>
		<truncated>0</truncated>
		<difficult>1</difficult>
		<bndbox>
			<xmin>1438</xmin>
			<ymin>336</ymin>
			<xmax>1556</xmax>
			<ymax>452</ymax>
		</bndbox>
	</object>
	<object>
		<name>persimmon</name>
		<pose>Unspecified</pose>
		<truncated>0</truncated>
		<difficult>1</difficult>
		<bndbox>
			<xmin>1040</xmin>
			<ymin>272</ymin>
			<xmax>1125</xmax>
			<ymax>355</ymax>
		</bndbox>
	</object>
	<object>
		<name>persimmon</name>
		<pose>Unspecified</pose>
		<truncated>0</truncated>
		<difficult>1</difficult>
		<bndbox>
			<xmin>1072</xmin>
			<ymin>306</ymin>
			<xmax>1163</xmax>
			<ymax>400</ymax>
		</bndbox>
	</object>
	<object>
		<name>persimmon</name>
		<pose>Unspecified</pose>
		<truncated>0</truncated>
		<difficult>1</difficult>
		<bndbox>
			<xmin>892</xmin>
			<ymin>321</ymin>
			<xmax>991</xmax>
			<ymax>407</ymax>
		</bndbox>
	</object>
	<object>
		<name>persimmon</name>
		<pose>Unspecified</pose>
		<truncated>0</truncated>
		<difficult>1</difficult>
		<bndbox>
			<xmin>910</xmin>
			<ymin>368</ymin>
			<xmax>1002</xmax>
			<ymax>457</ymax>
		</bndbox>
	</object>
	<object>
		<name>persimmon</name>
		<pose>Unspecified</pose>
		<truncated>0</truncated>
		<difficult>1</difficult>
		<bndbox>
			<xmin>1000</xmin>
			<ymin>371</ymin>
			<xmax>1051</xmax>
			<ymax>459</ymax>
		</bndbox>
	</object>
	<object>
		<name>persimmon</name>
		<pose>Unspecified</pose>
		<truncated>0</truncated>
		<difficult>1</difficult>
		<bndbox>
			<xmin>1040</xmin>
			<ymin>395</ymin>
			<xmax>1132</xmax>
			<ymax>473</ymax>
		</bndbox>
	</object>
	<object>
		<name>persimmon</name>
		<pose>Unspecified</pose>
		<truncated>0</truncated>
		<difficult>1</difficult>
		<bndbox>
			<xmin>1070</xmin>
			<ymin>466</ymin>
			<xmax>1150</xmax>
			<ymax>562</ymax>
		</bndbox>
	</object>
	<object>
		<name>persimmon</name>
		<pose>Unspecified</pose>
		<truncated>0</truncated>
		<difficult>1</difficult>
		<bndbox>
			<xmin>989</xmin>
			<ymin>478</ymin>
			<xmax>1097</xmax>
			<ymax>579</ymax>
		</bndbox>
	</object>
	<object>
		<name>persimmon</name>
		<pose>Unspecified</pose>
		<truncated>0</truncated>
		<difficult>1</difficult>
		<bndbox>
			<xmin>930</xmin>
			<ymin>445</ymin>
			<xmax>1030</xmax>
			<ymax>548</ymax>
		</bndbox>
	</object>
	<object>
		<name>persimmon</name>
		<pose>Unspecified</pose>
		<truncated>0</truncated>
		<difficult>1</difficult>
		<bndbox>
			<xmin>865</xmin>
			<ymin>483</ymin>
			<xmax>941</xmax>
			<ymax>567</ymax>
		</bndbox>
	</object>
	<object>
		<name>persimmon</name>
		<pose>Unspecified</pose>
		<truncated>0</truncated>
		<difficult>1</difficult>
		<bndbox>
			<xmin>831</xmin>
			<ymin>481</ymin>
			<xmax>874</xmax>
			<ymax>557</ymax>
		</bndbox>
	</object>
	<object>
		<name>persimmon</name>
		<pose>Unspecified</pose>
		<truncated>0</truncated>
		<difficult>1</difficult>
		<bndbox>
			<xmin>1227</xmin>
			<ymin>709</ymin>
			<xmax>1296</xmax>
			<ymax>788</ymax>
		</bndbox>
	</object>
	<object>
		<name>persimmon</name>
		<pose>Unspecified</pose>
		<truncated>0</truncated>
		<difficult>1</difficult>
		<bndbox>
			<xmin>602</xmin>
			<ymin>671</ymin>
			<xmax>723</xmax>
			<ymax>789</ymax>
		</bndbox>
	</object>
	<object>
		<name>persimmon</name>
		<pose>Unspecified</pose>
		<truncated>0</truncated>
		<difficult>1</difficult>
		<bndbox>
			<xmin>1601</xmin>
			<ymin>668</ymin>
			<xmax>1684</xmax>
			<ymax>749</ymax>
		</bndbox>
	</object>
	<object>
		<name>persimmon</name>
		<pose>Unspecified</pose>
		<truncated>0</truncated>
		<difficult>1</difficult>
		<bndbox>
			<xmin>1672</xmin>
			<ymin>585</ymin>
			<xmax>1756</xmax>
			<ymax>670</ymax>
		</bndbox>
	</object>
	<object>
		<name>persimmon</name>
		<pose>Unspecified</pose>
		<truncated>0</truncated>
		<difficult>1</difficult>
		<bndbox>
			<xmin>1364</xmin>
			<ymin>767</ymin>
			<xmax>1453</xmax>
			<ymax>828</ymax>
		</bndbox>
	</object>
	<object>
		<name>persimmon</name>
		<pose>Unspecified</pose>
		<truncated>0</truncated>
		<difficult>1</difficult>
		<bndbox>
			<xmin>1348</xmin>
			<ymin>812</ymin>
			<xmax>1553</xmax>
			<ymax>985</ymax>
		</bndbox>
	</object>
	<object>
		<name>persimmon</name>
		<pose>Unspecified</pose>
		<truncated>0</truncated>
		<difficult>1</difficult>
		<bndbox>
			<xmin>1675</xmin>
			<ymin>759</ymin>
			<xmax>1849</xmax>
			<ymax>921</ymax>
		</bndbox>
	</object>
	<object>
		<name>persimmon</name>
		<pose>Unspecified</pose>
		<truncated>0</truncated>
		<difficult>1</difficult>
		<bndbox>
			<xmin>1055</xmin>
			<ymin>900</ymin>
			<xmax>1232</xmax>
			<ymax>1074</ymax>
		</bndbox>
	</object>
	<object>
		<name>persimmon</name>
		<pose>Unspecified</pose>
		<truncated>0</truncated>
		<difficult>1</difficult>
		<bndbox>
			<xmin>754</xmin>
			<ymin>1003</ymin>
			<xmax>864</xmax>
			<ymax>1118</ymax>
		</bndbox>
	</object>
	<object>
		<name>persimmon</name>
		<pose>Unspecified</pose>
		<truncated>0</truncated>
		<difficult>1</difficult>
		<bndbox>
			<xmin>945</xmin>
			<ymin>1046</ymin>
			<xmax>1048</xmax>
			<ymax>1132</ymax>
		</bndbox>
	</object>
	<object>
		<name>persimmon</name>
		<pose>Unspecified</pose>
		<truncated>0</truncated>
		<difficult>1</difficult>
		<bndbox>
			<xmin>931</xmin>
			<ymin>1119</ymin>
			<xmax>1027</xmax>
			<ymax>1196</ymax>
		</bndbox>
	</object>
	<object>
		<name>persimmon</name>
		<pose>Unspecified</pose>
		<truncated>0</truncated>
		<difficult>1</difficult>
		<bndbox>
			<xmin>865</xmin>
			<ymin>1130</ymin>
			<xmax>963</xmax>
			<ymax>1209</ymax>
		</bndbox>
	</object>
	<object>
		<name>persimmon</name>
		<pose>Unspecified</pose>
		<truncated>0</truncated>
		<difficult>1</difficult>
		<bndbox>
			<xmin>847</xmin>
			<ymin>1179</ymin>
			<xmax>954</xmax>
			<ymax>1276</ymax>
		</bndbox>
	</object>
	<object>
		<name>persimmon</name>
		<pose>Unspecified</pose>
		<truncated>0</truncated>
		<difficult>1</difficult>
		<bndbox>
			<xmin>751</xmin>
			<ymin>1119</ymin>
			<xmax>864</xmax>
			<ymax>1216</ymax>
		</bndbox>
	</object>
	<object>
		<name>persimmon</name>
		<pose>Unspecified</pose>
		<truncated>0</truncated>
		<difficult>1</difficult>
		<bndbox>
			<xmin>594</xmin>
			<ymin>1015</ymin>
			<xmax>706</xmax>
			<ymax>1119</ymax>
		</bndbox>
	</object>
	<object>
		<name>persimmon</name>
		<pose>Unspecified</pose>
		<truncated>0</truncated>
		<difficult>1</difficult>
		<bndbox>
			<xmin>419</xmin>
			<ymin>1037</ymin>
			<xmax>521</xmax>
			<ymax>1145</ymax>
		</bndbox>
	</object>
	<object>
		<name>persimmon</name>
		<pose>Unspecified</pose>
		<truncated>0</truncated>
		<difficult>1</difficult>
		<bndbox>
			<xmin>549</xmin>
			<ymin>1104</ymin>
			<xmax>652</xmax>
			<ymax>1217</ymax>
		</bndbox>
	</object>
	<object>
		<name>persimmon</name>
		<pose>Unspecified</pose>
		<truncated>0</truncated>
		<difficult>1</difficult>
		<bndbox>
			<xmin>428</xmin>
			<ymin>1186</ymin>
			<xmax>495</xmax>
			<ymax>1262</ymax>
		</bndbox>
	</object>
	<object>
		<name>persimmon</name>
		<pose>Unspecified</pose>
		<truncated>0</truncated>
		<difficult>1</difficult>
		<bndbox>
			<xmin>489</xmin>
			<ymin>1243</ymin>
			<xmax>595</xmax>
			<ymax>1343</ymax>
		</bndbox>
	</object>
	<object>
		<name>persimmon</name>
		<pose>Unspecified</pose>
		<truncated>0</truncated>
		<difficult>1</difficult>
		<bndbox>
			<xmin>1179</xmin>
			<ymin>1065</ymin>
			<xmax>1243</xmax>
			<ymax>1144</ymax>
		</bndbox>
	</object>
	<object>
		<name>persimmon</name>
		<pose>Unspecified</pose>
		<truncated>0</truncated>
		<difficult>1</difficult>
		<bndbox>
			<xmin>1190</xmin>
			<ymin>1129</ymin>
			<xmax>1364</xmax>
			<ymax>1302</ymax>
		</bndbox>
	</object>
	<object>
		<name>persimmon</name>
		<pose>Unspecified</pose>
		<truncated>0</truncated>
		<difficult>1</difficult>
		<bndbox>
			<xmin>1365</xmin>
			<ymin>1069</ymin>
			<xmax>1535</xmax>
			<ymax>1241</ymax>
		</bndbox>
	</object>
	<object>
		<name>persimmon</name>
		<pose>Unspecified</pose>
		<truncated>0</truncated>
		<difficult>1</difficult>
		<bndbox>
			<xmin>1598</xmin>
			<ymin>993</ymin>
			<xmax>1780</xmax>
			<ymax>1151</ymax>
		</bndbox>
	</object>
	<object>
		<name>persimmon</name>
		<pose>Unspecified</pose>
		<truncated>0</truncated>
		<difficult>1</difficult>
		<bndbox>
			<xmin>1529</xmin>
			<ymin>1172</ymin>
			<xmax>1718</xmax>
			<ymax>1367</ymax>
		</bndbox>
	</object>
	<object>
		<name>persimmon</name>
		<pose>Unspecified</pose>
		<truncated>0</truncated>
		<difficult>1</difficult>
		<bndbox>
			<xmin>1411</xmin>
			<ymin>1307</ymin>
			<xmax>1549</xmax>
			<ymax>1430</ymax>
		</bndbox>
	</object>
	<object>
		<name>persimmon</name>
		<pose>Unspecified</pose>
		<truncated>0</truncated>
		<difficult>1</difficult>
		<bndbox>
			<xmin>1228</xmin>
			<ymin>1294</ymin>
			<xmax>1320</xmax>
			<ymax>1357</ymax>
		</bndbox>
	</object>
	<object>
		<name>persimmon</name>
		<pose>Unspecified</pose>
		<truncated>0</truncated>
		<difficult>1</difficult>
		<bndbox>
			<xmin>1178</xmin>
			<ymin>1354</ymin>
			<xmax>1238</xmax>
			<ymax>1424</ymax>
		</bndbox>
	</object>
	<object>
		<name>persimmon</name>
		<pose>Unspecified</pose>
		<truncated>0</truncated>
		<difficult>1</difficult>
		<bndbox>
			<xmin>1296</xmin>
			<ymin>1379</ymin>
			<xmax>1380</xmax>
			<ymax>1434</ymax>
		</bndbox>
	</object>
	<object>
		<name>persimmon</name>
		<pose>Unspecified</pose>
		<truncated>0</truncated>
		<difficult>1</difficult>
		<bndbox>
			<xmin>823</xmin>
			<ymin>1396</ymin>
			<xmax>929</xmax>
			<ymax>1502</ymax>
		</bndbox>
	</object>
	<object>
		<name>persimmon</name>
		<pose>Unspecified</pose>
		<truncated>0</truncated>
		<difficult>1</difficult>
		<bndbox>
			<xmin>477</xmin>
			<ymin>1453</ymin>
			<xmax>534</xmax>
			<ymax>1517</ymax>
		</bndbox>
	</object>
	<object>
		<name>persimmon</name>
		<pose>Unspecified</pose>
		<truncated>0</truncated>
		<difficult>1</difficult>
		<bndbox>
			<xmin>516</xmin>
			<ymin>1486</ymin>
			<xmax>612</xmax>
			<ymax>1574</ymax>
		</bndbox>
	</object>
	<object>
		<name>persimmon</name>
		<pose>Unspecified</pose>
		<truncated>0</truncated>
		<difficult>1</difficult>
		<bndbox>
			<xmin>106</xmin>
			<ymin>1535</ymin>
			<xmax>173</xmax>
			<ymax>1619</ymax>
		</bndbox>
	</object>
	<object>
		<name>persimmon</name>
		<pose>Unspecified</pose>
		<truncated>0</truncated>
		<difficult>1</difficult>
		<bndbox>
			<xmin>182</xmin>
			<ymin>1527</ymin>
			<xmax>261</xmax>
			<ymax>1615</ymax>
		</bndbox>
	</object>
	<object>
		<name>persimmon</name>
		<pose>Unspecified</pose>
		<truncated>0</truncated>
		<difficult>1</difficult>
		<bndbox>
			<xmin>357</xmin>
			<ymin>1635</ymin>
			<xmax>450</xmax>
			<ymax>1728</ymax>
		</bndbox>
	</object>
	<object>
		<name>persimmon</name>
		<pose>Unspecified</pose>
		<truncated>0</truncated>
		<difficult>1</difficult>
		<bndbox>
			<xmin>146</xmin>
			<ymin>1688</ymin>
			<xmax>232</xmax>
			<ymax>1767</ymax>
		</bndbox>
	</object>
	<object>
		<name>persimmon</name>
		<pose>Unspecified</pose>
		<truncated>0</truncated>
		<difficult>1</difficult>
		<bndbox>
			<xmin>414</xmin>
			<ymin>1865</ymin>
			<xmax>517</xmax>
			<ymax>1941</ymax>
		</bndbox>
	</object>
	<object>
		<name>persimmon</name>
		<pose>Unspecified</pose>
		<truncated>0</truncated>
		<difficult>1</difficult>
		<bndbox>
			<xmin>849</xmin>
			<ymin>1704</ymin>
			<xmax>958</xmax>
			<ymax>1802</ymax>
		</bndbox>
	</object>
	<object>
		<name>persimmon</name>
		<pose>Unspecified</pose>
		<truncated>0</truncated>
		<difficult>1</difficult>
		<bndbox>
			<xmin>811</xmin>
			<ymin>1788</ymin>
			<xmax>907</xmax>
			<ymax>1877</ymax>
		</bndbox>
	</object>
	<object>
		<name>persimmon</name>
		<pose>Unspecified</pose>
		<truncated>0</truncated>
		<difficult>1</difficult>
		<bndbox>
			<xmin>1043</xmin>
			<ymin>1631</ymin>
			<xmax>1157</xmax>
			<ymax>1728</ymax>
		</bndbox>
	</object>
	<object>
		<name>persimmon</name>
		<pose>Unspecified</pose>
		<truncated>0</truncated>
		<difficult>1</difficult>
		<bndbox>
			<xmin>1197</xmin>
			<ymin>1540</ymin>
			<xmax>1339</xmax>
			<ymax>1651</ymax>
		</bndbox>
	</object>
	<object>
		<name>persimmon</name>
		<pose>Unspecified</pose>
		<truncated>0</truncated>
		<difficult>1</difficult>
		<bndbox>
			<xmin>1180</xmin>
			<ymin>1622</ymin>
			<xmax>1318</xmax>
			<ymax>1729</ymax>
		</bndbox>
	</object>
	<object>
		<name>persimmon</name>
		<pose>Unspecified</pose>
		<truncated>0</truncated>
		<difficult>1</difficult>
		<bndbox>
			<xmin>1381</xmin>
			<ymin>1684</ymin>
			<xmax>1520</xmax>
			<ymax>1815</ymax>
		</bndbox>
	</object>
	<object>
		<name>persimmon</name>
		<pose>Unspecified</pose>
		<truncated>0</truncated>
		<difficult>1</difficult>
		<bndbox>
			<xmin>1350</xmin>
			<ymin>1755</ymin>
			<xmax>1401</xmax>
			<ymax>1832</ymax>
		</bndbox>
	</object>
	<object>
		<name>persimmon</name>
		<pose>Unspecified</pose>
		<truncated>0</truncated>
		<difficult>1</difficult>
		<bndbox>
			<xmin>1274</xmin>
			<ymin>1793</ymin>
			<xmax>1340</xmax>
			<ymax>1861</ymax>
		</bndbox>
	</object>
	<object>
		<name>persimmon</name>
		<pose>Unspecified</pose>
		<truncated>0</truncated>
		<difficult>1</difficult>
		<bndbox>
			<xmin>1515</xmin>
			<ymin>1553</ymin>
			<xmax>1624</xmax>
			<ymax>1667</ymax>
		</bndbox>
	</object>
	<object>
		<name>persimmon</name>
		<pose>Unspecified</pose>
		<truncated>0</truncated>
		<difficult>1</difficult>
		<bndbox>
			<xmin>1598</xmin>
			<ymin>1504</ymin>
			<xmax>1690</xmax>
			<ymax>1617</ymax>
		</bndbox>
	</object>
	<object>
		<name>persimmon</name>
		<pose>Unspecified</pose>
		<truncated>0</truncated>
		<difficult>1</difficult>
		<bndbox>
			<xmin>1733</xmin>
			<ymin>1655</ymin>
			<xmax>1869</xmax>
			<ymax>1787</ymax>
		</bndbox>
	</object>
	<object>
		<name>persimmon</name>
		<pose>Unspecified</pose>
		<truncated>0</truncated>
		<difficult>1</difficult>
		<bndbox>
			<xmin>1717</xmin>
			<ymin>1514</ymin>
			<xmax>1826</xmax>
			<ymax>1626</ymax>
		</bndbox>
	</object>
	<object>
		<name>persimmon</name>
		<pose>Unspecified</pose>
		<truncated>0</truncated>
		<difficult>1</difficult>
		<bndbox>
			<xmin>1997</xmin>
			<ymin>1509</ymin>
			<xmax>2128</xmax>
			<ymax>1641</ymax>
		</bndbox>
	</object>
	<object>
		<name>persimmon</name>
		<pose>Unspecified</pose>
		<truncated>0</truncated>
		<difficult>1</difficult>
		<bndbox>
			<xmin>1935</xmin>
			<ymin>1537</ymin>
			<xmax>2020</xmax>
			<ymax>1663</ymax>
		</bndbox>
	</object>
	<object>
		<name>persimmon</name>
		<pose>Unspecified</pose>
		<truncated>0</truncated>
		<difficult>1</difficult>
		<bndbox>
			<xmin>1552</xmin>
			<ymin>2057</ymin>
			<xmax>1659</xmax>
			<ymax>2159</ymax>
		</bndbox>
	</object>
	<object>
		<name>persimmon</name>
		<pose>Unspecified</pose>
		<truncated>0</truncated>
		<difficult>1</difficult>
		<bndbox>
			<xmin>1724</xmin>
			<ymin>336</ymin>
			<xmax>1839</xmax>
			<ymax>457</ymax>
		</bndbox>
	</object>
	<object>
		<name>persimmon</name>
		<pose>Unspecified</pose>
		<truncated>0</truncated>
		<difficult>1</difficult>
		<bndbox>
			<xmin>1927</xmin>
			<ymin>212</ymin>
			<xmax>2058</xmax>
			<ymax>385</ymax>
		</bndbox>
	</object>
	<object>
		<name>persimmon</name>
		<pose>Unspecified</pose>
		<truncated>0</truncated>
		<difficult>1</difficult>
		<bndbox>
			<xmin>2010</xmin>
			<ymin>240</ymin>
			<xmax>2156</xmax>
			<ymax>418</ymax>
		</bndbox>
	</object>
	<object>
		<name>persimmon</name>
		<pose>Unspecified</pose>
		<truncated>0</truncated>
		<difficult>1</difficult>
		<bndbox>
			<xmin>1983</xmin>
			<ymin>411</ymin>
			<xmax>2124</xmax>
			<ymax>535</ymax>
		</bndbox>
	</object>
	<object>
		<name>persimmon</name>
		<pose>Unspecified</pose>
		<truncated>0</truncated>
		<difficult>1</difficult>
		<bndbox>
			<xmin>2172</xmin>
			<ymin>500</ymin>
			<xmax>2369</xmax>
			<ymax>673</ymax>
		</bndbox>
	</object>
	<object>
		<name>persimmon</name>
		<pose>Unspecified</pose>
		<truncated>0</truncated>
		<difficult>1</difficult>
		<bndbox>
			<xmin>2140</xmin>
			<ymin>448</ymin>
			<xmax>2254</xmax>
			<ymax>564</ymax>
		</bndbox>
	</object>
	<object>
		<name>persimmon</name>
		<pose>Unspecified</pose>
		<truncated>0</truncated>
		<difficult>1</difficult>
		<bndbox>
			<xmin>2384</xmin>
			<ymin>435</ymin>
			<xmax>2492</xmax>
			<ymax>521</ymax>
		</bndbox>
	</object>
	<object>
		<name>persimmon</name>
		<pose>Unspecified</pose>
		<truncated>0</truncated>
		<difficult>1</difficult>
		<bndbox>
			<xmin>2421</xmin>
			<ymin>505</ymin>
			<xmax>2509</xmax>
			<ymax>585</ymax>
		</bndbox>
	</object>
	<object>
		<name>persimmon</name>
		<pose>Unspecified</pose>
		<truncated>0</truncated>
		<difficult>1</difficult>
		<bndbox>
			<xmin>2201</xmin>
			<ymin>326</ymin>
			<xmax>2303</xmax>
			<ymax>419</ymax>
		</bndbox>
	</object>
	<object>
		<name>persimmon</name>
		<pose>Unspecified</pose>
		<truncated>0</truncated>
		<difficult>1</difficult>
		<bndbox>
			<xmin>2219</xmin>
			<ymin>401</ymin>
			<xmax>2301</xmax>
			<ymax>466</ymax>
		</bndbox>
	</object>
	<object>
		<name>persimmon</name>
		<pose>Unspecified</pose>
		<truncated>0</truncated>
		<difficult>1</difficult>
		<bndbox>
			<xmin>2169</xmin>
			<ymin>364</ymin>
			<xmax>2215</xmax>
			<ymax>440</ymax>
		</bndbox>
	</object>
	<object>
		<name>persimmon</name>
		<pose>Unspecified</pose>
		<truncated>0</truncated>
		<difficult>1</difficult>
		<bndbox>
			<xmin>2233</xmin>
			<ymin>629</ymin>
			<xmax>2415</xmax>
			<ymax>771</ymax>
		</bndbox>
	</object>
	<object>
		<name>persimmon</name>
		<pose>Unspecified</pose>
		<truncated>0</truncated>
		<difficult>1</difficult>
		<bndbox>
			<xmin>2390</xmin>
			<ymin>643</ymin>
			<xmax>2552</xmax>
			<ymax>802</ymax>
		</bndbox>
	</object>
	<object>
		<name>persimmon</name>
		<pose>Unspecified</pose>
		<truncated>0</truncated>
		<difficult>1</difficult>
		<bndbox>
			<xmin>2313</xmin>
			<ymin>786</ymin>
			<xmax>2495</xmax>
			<ymax>973</ymax>
		</bndbox>
	</object>
	<object>
		<name>persimmon</name>
		<pose>Unspecified</pose>
		<truncated>0</truncated>
		<difficult>1</difficult>
		<bndbox>
			<xmin>2457</xmin>
			<ymin>815</ymin>
			<xmax>2595</xmax>
			<ymax>957</ymax>
		</bndbox>
	</object>
	<object>
		<name>persimmon</name>
		<pose>Unspecified</pose>
		<truncated>0</truncated>
		<difficult>1</difficult>
		<bndbox>
			<xmin>2043</xmin>
			<ymin>713</ymin>
			<xmax>2209</xmax>
			<ymax>854</ymax>
		</bndbox>
	</object>
	<object>
		<name>persimmon</name>
		<pose>Unspecified</pose>
		<truncated>0</truncated>
		<difficult>1</difficult>
		<bndbox>
			<xmin>2151</xmin>
			<ymin>800</ymin>
			<xmax>2323</xmax>
			<ymax>947</ymax>
		</bndbox>
	</object>
	<object>
		<name>persimmon</name>
		<pose>Unspecified</pose>
		<truncated>0</truncated>
		<difficult>1</difficult>
		<bndbox>
			<xmin>1995</xmin>
			<ymin>784</ymin>
			<xmax>2127</xmax>
			<ymax>909</ymax>
		</bndbox>
	</object>
	<object>
		<name>persimmon</name>
		<pose>Unspecified</pose>
		<truncated>0</truncated>
		<difficult>1</difficult>
		<bndbox>
			<xmin>1953</xmin>
			<ymin>792</ymin>
			<xmax>2019</xmax>
			<ymax>883</ymax>
		</bndbox>
	</object>
	<object>
		<name>persimmon</name>
		<pose>Unspecified</pose>
		<truncated>0</truncated>
		<difficult>1</difficult>
		<bndbox>
			<xmin>2147</xmin>
			<ymin>939</ymin>
			<xmax>2246</xmax>
			<ymax>1026</ymax>
		</bndbox>
	</object>
	<object>
		<name>persimmon</name>
		<pose>Unspecified</pose>
		<truncated>0</truncated>
		<difficult>1</difficult>
		<bndbox>
			<xmin>1971</xmin>
			<ymin>920</ymin>
			<xmax>2077</xmax>
			<ymax>1020</ymax>
		</bndbox>
	</object>
	<object>
		<name>persimmon</name>
		<pose>Unspecified</pose>
		<truncated>0</truncated>
		<difficult>1</difficult>
		<bndbox>
			<xmin>2091</xmin>
			<ymin>1057</ymin>
			<xmax>2167</xmax>
			<ymax>1118</ymax>
		</bndbox>
	</object>
	<object>
		<name>persimmon</name>
		<pose>Unspecified</pose>
		<truncated>0</truncated>
		<difficult>1</difficult>
		<bndbox>
			<xmin>1837</xmin>
			<ymin>1139</ymin>
			<xmax>2048</xmax>
			<ymax>1305</ymax>
		</bndbox>
	</object>
	<object>
		<name>persimmon</name>
		<pose>Unspecified</pose>
		<truncated>0</truncated>
		<difficult>1</difficult>
		<bndbox>
			<xmin>2270</xmin>
			<ymin>1324</ymin>
			<xmax>2328</xmax>
			<ymax>1388</ymax>
		</bndbox>
	</object>
	<object>
		<name>persimmon</name>
		<pose>Unspecified</pose>
		<truncated>0</truncated>
		<difficult>1</difficult>
		<bndbox>
			<xmin>2296</xmin>
			<ymin>1400</ymin>
			<xmax>2381</xmax>
			<ymax>1477</ymax>
		</bndbox>
	</object>
	<object>
		<name>persimmon</name>
		<pose>Unspecified</pose>
		<truncated>0</truncated>
		<difficult>1</difficult>
		<bndbox>
			<xmin>2484</xmin>
			<ymin>1272</ymin>
			<xmax>2627</xmax>
			<ymax>1380</ymax>
		</bndbox>
	</object>
	<object>
		<name>persimmon</name>
		<pose>Unspecified</pose>
		<truncated>0</truncated>
		<difficult>1</difficult>
		<bndbox>
			<xmin>2593</xmin>
			<ymin>1252</ymin>
			<xmax>2684</xmax>
			<ymax>1346</ymax>
		</bndbox>
	</object>
	<object>
		<name>persimmon</name>
		<pose>Unspecified</pose>
		<truncated>0</truncated>
		<difficult>1</difficult>
		<bndbox>
			<xmin>2586</xmin>
			<ymin>1368</ymin>
			<xmax>2734</xmax>
			<ymax>1492</ymax>
		</bndbox>
	</object>
	<object>
		<name>persimmon</name>
		<pose>Unspecified</pose>
		<truncated>1</truncated>
		<difficult>1</difficult>
		<bndbox>
			<xmin>2768</xmin>
			<ymin>1355</ymin>
			<xmax>2892</xmax>
			<ymax>1493</ymax>
		</bndbox>
	</object>
	<object>
		<name>persimmon</name>
		<pose>Unspecified</pose>
		<truncated>0</truncated>
		<difficult>1</difficult>
		<bndbox>
			<xmin>2511</xmin>
			<ymin>1466</ymin>
			<xmax>2620</xmax>
			<ymax>1550</ymax>
		</bndbox>
	</object>
	<object>
		<name>persimmon</name>
		<pose>Unspecified</pose>
		<truncated>0</truncated>
		<difficult>1</difficult>
		<bndbox>
			<xmin>2545</xmin>
			<ymin>1545</ymin>
			<xmax>2640</xmax>
			<ymax>1630</ymax>
		</bndbox>
	</object>
	<object>
		<name>persimmon</name>
		<pose>Unspecified</pose>
		<truncated>0</truncated>
		<difficult>1</difficult>
		<bndbox>
			<xmin>2483</xmin>
			<ymin>1435</ymin>
			<xmax>2569</xmax>
			<ymax>1501</ymax>
		</bndbox>
	</object>
	<object>
		<name>persimmon</name>
		<pose>Unspecified</pose>
		<truncated>0</truncated>
		<difficult>1</difficult>
		<bndbox>
			<xmin>759</xmin>
			<ymin>2401</ymin>
			<xmax>861</xmax>
			<ymax>2509</ymax>
		</bndbox>
	</object>
	<object>
		<name>persimmon</name>
		<pose>Unspecified</pose>
		<truncated>0</truncated>
		<difficult>1</difficult>
		<bndbox>
			<xmin>444</xmin>
			<ymin>2545</ymin>
			<xmax>571</xmax>
			<ymax>2667</ymax>
		</bndbox>
	</object>
	<object>
		<name>persimmon</name>
		<pose>Unspecified</pose>
		<truncated>0</truncated>
		<difficult>1</difficult>
		<bndbox>
			<xmin>706</xmin>
			<ymin>2529</ymin>
			<xmax>768</xmax>
			<ymax>2623</ymax>
		</bndbox>
	</object>
	<object>
		<name>persimmon</name>
		<pose>Unspecified</pose>
		<truncated>0</truncated>
		<difficult>1</difficult>
		<bndbox>
			<xmin>687</xmin>
			<ymin>2613</ymin>
			<xmax>814</xmax>
			<ymax>2731</ymax>
		</bndbox>
	</object>
	<object>
		<name>persimmon</name>
		<pose>Unspecified</pose>
		<truncated>0</truncated>
		<difficult>1</difficult>
		<bndbox>
			<xmin>792</xmin>
			<ymin>2642</ymin>
			<xmax>892</xmax>
			<ymax>2750</ymax>
		</bndbox>
	</object>
	<object>
		<name>persimmon</name>
		<pose>Unspecified</pose>
		<truncated>0</truncated>
		<difficult>1</difficult>
		<bndbox>
			<xmin>633</xmin>
			<ymin>2666</ymin>
			<xmax>750</xmax>
			<ymax>2802</ymax>
		</bndbox>
	</object>
	<object>
		<name>persimmon</name>
		<pose>Unspecified</pose>
		<truncated>0</truncated>
		<difficult>1</difficult>
		<bndbox>
			<xmin>793</xmin>
			<ymin>2736</ymin>
			<xmax>899</xmax>
			<ymax>2825</ymax>
		</bndbox>
	</object>
	<object>
		<name>persimmon</name>
		<pose>Unspecified</pose>
		<truncated>0</truncated>
		<difficult>1</difficult>
		<bndbox>
			<xmin>793</xmin>
			<ymin>2813</ymin>
			<xmax>887</xmax>
			<ymax>2937</ymax>
		</bndbox>
	</object>
	<object>
		<name>persimmon</name>
		<pose>Unspecified</pose>
		<truncated>0</truncated>
		<difficult>1</difficult>
		<bndbox>
			<xmin>877</xmin>
			<ymin>2831</ymin>
			<xmax>947</xmax>
			<ymax>2948</ymax>
		</bndbox>
	</object>
	<object>
		<name>persimmon</name>
		<pose>Unspecified</pose>
		<truncated>0</truncated>
		<difficult>1</difficult>
		<bndbox>
			<xmin>678</xmin>
			<ymin>2339</ymin>
			<xmax>759</xmax>
			<ymax>2455</ymax>
		</bndbox>
	</object>
	<object>
		<name>persimmon</name>
		<pose>Unspecified</pose>
		<truncated>0</truncated>
		<difficult>1</difficult>
		<bndbox>
			<xmin>501</xmin>
			<ymin>2730</ymin>
			<xmax>597</xmax>
			<ymax>2812</ymax>
		</bndbox>
	</object>
	<object>
		<name>persimmon</name>
		<pose>Unspecified</pose>
		<truncated>0</truncated>
		<difficult>1</difficult>
		<bndbox>
			<xmin>484</xmin>
			<ymin>2870</ymin>
			<xmax>550</xmax>
			<ymax>2951</ymax>
		</bndbox>
	</object>
	<object>
		<name>persimmon</name>
		<pose>Unspecified</pose>
		<truncated>0</truncated>
		<difficult>1</difficult>
		<bndbox>
			<xmin>409</xmin>
			<ymin>2960</ymin>
			<xmax>507</xmax>
			<ymax>3029</ymax>
		</bndbox>
	</object>
	<object>
		<name>persimmon</name>
		<pose>Unspecified</pose>
		<truncated>0</truncated>
		<difficult>1</difficult>
		<bndbox>
			<xmin>538</xmin>
			<ymin>3191</ymin>
			<xmax>646</xmax>
			<ymax>3297</ymax>
		</bndbox>
	</object>
	<object>
		<name>persimmon</name>
		<pose>Unspecified</pose>
		<truncated>0</truncated>
		<difficult>1</difficult>
		<bndbox>
			<xmin>634</xmin>
			<ymin>3271</ymin>
			<xmax>689</xmax>
			<ymax>3330</ymax>
		</bndbox>
	</object>
	<object>
		<name>persimmon</name>
		<pose>Unspecified</pose>
		<truncated>0</truncated>
		<difficult>1</difficult>
		<bndbox>
			<xmin>561</xmin>
			<ymin>3289</ymin>
			<xmax>665</xmax>
			<ymax>3395</ymax>
		</bndbox>
	</object>
	<object>
		<name>persimmon</name>
		<pose>Unspecified</pose>
		<truncated>0</truncated>
		<difficult>1</difficult>
		<bndbox>
			<xmin>633</xmin>
			<ymin>3388</ymin>
			<xmax>776</xmax>
			<ymax>3526</ymax>
		</bndbox>
	</object>
	<object>
		<name>persimmon</name>
		<pose>Unspecified</pose>
		<truncated>1</truncated>
		<difficult>1</difficult>
		<bndbox>
			<xmin>305</xmin>
			<ymin>3496</ymin>
			<xmax>433</xmax>
			<ymax>3579</ymax>
		</bndbox>
	</object>
	<object>
		<name>persimmon</name>
		<pose>Unspecified</pose>
		<truncated>0</truncated>
		<difficult>1</difficult>
		<bndbox>
			<xmin>1254</xmin>
			<ymin>3244</ymin>
			<xmax>1381</xmax>
			<ymax>3379</ymax>
		</bndbox>
	</object>
	<object>
		<name>persimmon</name>
		<pose>Unspecified</pose>
		<truncated>0</truncated>
		<difficult>1</difficult>
		<bndbox>
			<xmin>1172</xmin>
			<ymin>3194</ymin>
			<xmax>1258</xmax>
			<ymax>3339</ymax>
		</bndbox>
	</object>
	<object>
		<name>persimmon</name>
		<pose>Unspecified</pose>
		<truncated>0</truncated>
		<difficult>1</difficult>
		<bndbox>
			<xmin>1427</xmin>
			<ymin>3165</ymin>
			<xmax>1561</xmax>
			<ymax>3294</ymax>
		</bndbox>
	</object>
	<object>
		<name>persimmon</name>
		<pose>Unspecified</pose>
		<truncated>0</truncated>
		<difficult>1</difficult>
		<bndbox>
			<xmin>1315</xmin>
			<ymin>3116</ymin>
			<xmax>1439</xmax>
			<ymax>3233</ymax>
		</bndbox>
	</object>
	<object>
		<name>persimmon</name>
		<pose>Unspecified</pose>
		<truncated>0</truncated>
		<difficult>1</difficult>
		<bndbox>
			<xmin>1117</xmin>
			<ymin>3435</ymin>
			<xmax>1175</xmax>
			<ymax>3508</ymax>
		</bndbox>
	</object>
	<object>
		<name>persimmon</name>
		<pose>Unspecified</pose>
		<truncated>0</truncated>
		<difficult>1</difficult>
		<bndbox>
			<xmin>1056</xmin>
			<ymin>3075</ymin>
			<xmax>1099</xmax>
			<ymax>3132</ymax>
		</bndbox>
	</object>
	<object>
		<name>persimmon</name>
		<pose>Unspecified</pose>
		<truncated>0</truncated>
		<difficult>1</difficult>
		<bndbox>
			<xmin>1453</xmin>
			<ymin>2978</ymin>
			<xmax>1544</xmax>
			<ymax>3074</ymax>
		</bndbox>
	</object>
	<object>
		<name>persimmon</name>
		<pose>Unspecified</pose>
		<truncated>0</truncated>
		<difficult>1</difficult>
		<bndbox>
			<xmin>1410</xmin>
			<ymin>2750</ymin>
			<xmax>1528</xmax>
			<ymax>2862</ymax>
		</bndbox>
	</object>
	<object>
		<name>persimmon</name>
		<pose>Unspecified</pose>
		<truncated>0</truncated>
		<difficult>1</difficult>
		<bndbox>
			<xmin>1981</xmin>
			<ymin>2709</ymin>
			<xmax>2078</xmax>
			<ymax>2795</ymax>
		</bndbox>
	</object>
	<object>
		<name>persimmon</name>
		<pose>Unspecified</pose>
		<truncated>0</truncated>
		<difficult>1</difficult>
		<bndbox>
			<xmin>1997</xmin>
			<ymin>2647</ymin>
			<xmax>2086</xmax>
			<ymax>2720</ymax>
		</bndbox>
	</object>
	<object>
		<name>persimmon</name>
		<pose>Unspecified</pose>
		<truncated>0</truncated>
		<difficult>1</difficult>
		<bndbox>
			<xmin>1973</xmin>
			<ymin>3207</ymin>
			<xmax>2043</xmax>
			<ymax>3274</ymax>
		</bndbox>
	</object>
	<object>
		<name>persimmon</name>
		<pose>Unspecified</pose>
		<truncated>0</truncated>
		<difficult>1</difficult>
		<bndbox>
			<xmin>1947</xmin>
			<ymin>3271</ymin>
			<xmax>2001</xmax>
			<ymax>3337</ymax>
		</bndbox>
	</object>
	<object>
		<name>persimmon</name>
		<pose>Unspecified</pose>
		<truncated>0</truncated>
		<difficult>1</difficult>
		<bndbox>
			<xmin>2302</xmin>
			<ymin>3366</ymin>
			<xmax>2377</xmax>
			<ymax>3439</ymax>
		</bndbox>
	</object>
	<object>
		<name>persimmon</name>
		<pose>Unspecified</pose>
		<truncated>0</truncated>
		<difficult>1</difficult>
		<bndbox>
			<xmin>2330</xmin>
			<ymin>3322</ymin>
			<xmax>2414</xmax>
			<ymax>3394</ymax>
		</bndbox>
	</object>
	<object>
		<name>persimmon</name>
		<pose>Unspecified</pose>
		<truncated>0</truncated>
		<difficult>1</difficult>
		<bndbox>
			<xmin>2423</xmin>
			<ymin>3132</ymin>
			<xmax>2501</xmax>
			<ymax>3211</ymax>
		</bndbox>
	</object>
	<object>
		<name>persimmon</name>
		<pose>Unspecified</pose>
		<truncated>0</truncated>
		<difficult>1</difficult>
		<bndbox>
			<xmin>2248</xmin>
			<ymin>3089</ymin>
			<xmax>2320</xmax>
			<ymax>3169</ymax>
		</bndbox>
	</object>
	<object>
		<name>persimmon</name>
		<pose>Unspecified</pose>
		<truncated>0</truncated>
		<difficult>1</difficult>
		<bndbox>
			<xmin>2314</xmin>
			<ymin>3079</ymin>
			<xmax>2365</xmax>
			<ymax>3163</ymax>
		</bndbox>
	</object>
	<object>
		<name>persimmon</name>
		<pose>Unspecified</pose>
		<truncated>0</truncated>
		<difficult>1</difficult>
		<bndbox>
			<xmin>2183</xmin>
			<ymin>3015</ymin>
			<xmax>2255</xmax>
			<ymax>3087</ymax>
		</bndbox>
	</object>
	<object>
		<name>persimmon</name>
		<pose>Unspecified</pose>
		<truncated>0</truncated>
		<difficult>1</difficult>
		<bndbox>
			<xmin>2445</xmin>
			<ymin>3054</ymin>
			<xmax>2529</xmax>
			<ymax>3116</ymax>
		</bndbox>
	</object>
	<object>
		<name>persimmon</name>
		<pose>Unspecified</pose>
		<truncated>0</truncated>
		<difficult>1</difficult>
		<bndbox>
			<xmin>2294</xmin>
			<ymin>2969</ymin>
			<xmax>2373</xmax>
			<ymax>3047</ymax>
		</bndbox>
	</object>
	<object>
		<name>persimmon</name>
		<pose>Unspecified</pose>
		<truncated>0</truncated>
		<difficult>1</difficult>
		<bndbox>
			<xmin>2353</xmin>
			<ymin>2932</ymin>
			<xmax>2430</xmax>
			<ymax>3024</ymax>
		</bndbox>
	</object>
	<object>
		<name>persimmon</name>
		<pose>Unspecified</pose>
		<truncated>0</truncated>
		<difficult>1</difficult>
		<bndbox>
			<xmin>2364</xmin>
			<ymin>2870</ymin>
			<xmax>2497</xmax>
			<ymax>3016</ymax>
		</bndbox>
	</object>
	<object>
		<name>persimmon</name>
		<pose>Unspecified</pose>
		<truncated>0</truncated>
		<difficult>1</difficult>
		<bndbox>
			<xmin>2645</xmin>
			<ymin>2943</ymin>
			<xmax>2779</xmax>
			<ymax>3068</ymax>
		</bndbox>
	</object>
	<object>
		<name>persimmon</name>
		<pose>Unspecified</pose>
		<truncated>1</truncated>
		<difficult>1</difficult>
		<bndbox>
			<xmin>2772</xmin>
			<ymin>2957</ymin>
			<xmax>2892</xmax>
			<ymax>3075</ymax>
		</bndbox>
	</object>
	<object>
		<name>persimmon</name>
		<pose>Unspecified</pose>
		<truncated>0</truncated>
		<difficult>1</difficult>
		<bndbox>
			<xmin>2672</xmin>
			<ymin>2863</ymin>
			<xmax>2788</xmax>
			<ymax>2956</ymax>
		</bndbox>
	</object>
	<object>
		<name>persimmon</name>
		<pose>Unspecified</pose>
		<truncated>0</truncated>
		<difficult>1</difficult>
		<bndbox>
			<xmin>2593</xmin>
			<ymin>2881</ymin>
			<xmax>2683</xmax>
			<ymax>2945</ymax>
		</bndbox>
	</object>
	<object>
		<name>persimmon</name>
		<pose>Unspecified</pose>
		<truncated>0</truncated>
		<difficult>1</difficult>
		<bndbox>
			<xmin>2605</xmin>
			<ymin>2745</ymin>
			<xmax>2687</xmax>
			<ymax>2832</ymax>
		</bndbox>
	</object>
	<object>
		<name>persimmon</name>
		<pose>Unspecified</pose>
		<truncated>0</truncated>
		<difficult>1</difficult>
		<bndbox>
			<xmin>1849</xmin>
			<ymin>676</ymin>
			<xmax>1903</xmax>
			<ymax>716</ymax>
		</bndbox>
	</object>
</annotation>
