<annotation>
	<folder>张祎凡1-240</folder>
	<filename>102.JPEG</filename>
	<path>D:\SRF\张祎凡1-240\102.JPEG</path>
	<source>
		<database>Unknown</database>
	</source>
	<size>
		<width>3455</width>
		<height>1416</height>
		<depth>3</depth>
	</size>
	<segmented>0</segmented>
	<object>
		<name>persimmon</name>
		<pose>Unspecified</pose>
		<truncated>0</truncated>
		<difficult>0</difficult>
		<bndbox>
			<xmin>700</xmin>
			<ymin>1004</ymin>
			<xmax>762</xmax>
			<ymax>1062</ymax>
		</bndbox>
	</object>
	<object>
		<name>persimmon</name>
		<pose>Unspecified</pose>
		<truncated>0</truncated>
		<difficult>0</difficult>
		<bndbox>
			<xmin>711</xmin>
			<ymin>949</ymin>
			<xmax>770</xmax>
			<ymax>993</ymax>
		</bndbox>
	</object>
	<object>
		<name>persimmon</name>
		<pose>Unspecified</pose>
		<truncated>0</truncated>
		<difficult>0</difficult>
		<bndbox>
			<xmin>760</xmin>
			<ymin>877</ymin>
			<xmax>812</xmax>
			<ymax>935</ymax>
		</bndbox>
	</object>
	<object>
		<name>persimmon</name>
		<pose>Unspecified</pose>
		<truncated>0</truncated>
		<difficult>0</difficult>
		<bndbox>
			<xmin>806</xmin>
			<ymin>932</ymin>
			<xmax>858</xmax>
			<ymax>983</ymax>
		</bndbox>
	</object>
	<object>
		<name>persimmon</name>
		<pose>Unspecified</pose>
		<truncated>0</truncated>
		<difficult>0</difficult>
		<bndbox>
			<xmin>706</xmin>
			<ymin>898</ymin>
			<xmax>775</xmax>
			<ymax>953</ymax>
		</bndbox>
	</object>
	<object>
		<name>persimmon</name>
		<pose>Unspecified</pose>
		<truncated>0</truncated>
		<difficult>0</difficult>
		<bndbox>
			<xmin>760</xmin>
			<ymin>864</ymin>
			<xmax>815</xmax>
			<ymax>903</ymax>
		</bndbox>
	</object>
	<object>
		<name>persimmon</name>
		<pose>Unspecified</pose>
		<truncated>0</truncated>
		<difficult>0</difficult>
		<bndbox>
			<xmin>793</xmin>
			<ymin>834</ymin>
			<xmax>837</xmax>
			<ymax>878</ymax>
		</bndbox>
	</object>
	<object>
		<name>persimmon</name>
		<pose>Unspecified</pose>
		<truncated>0</truncated>
		<difficult>0</difficult>
		<bndbox>
			<xmin>864</xmin>
			<ymin>840</ymin>
			<xmax>902</xmax>
			<ymax>888</ymax>
		</bndbox>
	</object>
	<object>
		<name>persimmon</name>
		<pose>Unspecified</pose>
		<truncated>0</truncated>
		<difficult>0</difficult>
		<bndbox>
			<xmin>917</xmin>
			<ymin>823</ymin>
			<xmax>975</xmax>
			<ymax>877</ymax>
		</bndbox>
	</object>
	<object>
		<name>persimmon</name>
		<pose>Unspecified</pose>
		<truncated>0</truncated>
		<difficult>0</difficult>
		<bndbox>
			<xmin>940</xmin>
			<ymin>879</ymin>
			<xmax>985</xmax>
			<ymax>942</ymax>
		</bndbox>
	</object>
	<object>
		<name>persimmon</name>
		<pose>Unspecified</pose>
		<truncated>0</truncated>
		<difficult>0</difficult>
		<bndbox>
			<xmin>986</xmin>
			<ymin>906</ymin>
			<xmax>1037</xmax>
			<ymax>960</ymax>
		</bndbox>
	</object>
	<object>
		<name>persimmon</name>
		<pose>Unspecified</pose>
		<truncated>0</truncated>
		<difficult>0</difficult>
		<bndbox>
			<xmin>2707</xmin>
			<ymin>824</ymin>
			<xmax>2800</xmax>
			<ymax>914</ymax>
		</bndbox>
	</object>
	<object>
		<name>persimmon</name>
		<pose>Unspecified</pose>
		<truncated>0</truncated>
		<difficult>0</difficult>
		<bndbox>
			<xmin>2758</xmin>
			<ymin>748</ymin>
			<xmax>2851</xmax>
			<ymax>834</ymax>
		</bndbox>
	</object>
	<object>
		<name>persimmon</name>
		<pose>Unspecified</pose>
		<truncated>0</truncated>
		<difficult>0</difficult>
		<bndbox>
			<xmin>2708</xmin>
			<ymin>641</ymin>
			<xmax>2795</xmax>
			<ymax>721</ymax>
		</bndbox>
	</object>
	<object>
		<name>persimmon</name>
		<pose>Unspecified</pose>
		<truncated>0</truncated>
		<difficult>0</difficult>
		<bndbox>
			<xmin>2931</xmin>
			<ymin>686</ymin>
			<xmax>2969</xmax>
			<ymax>742</ymax>
		</bndbox>
	</object>
	<object>
		<name>persimmon</name>
		<pose>Unspecified</pose>
		<truncated>0</truncated>
		<difficult>0</difficult>
		<bndbox>
			<xmin>2887</xmin>
			<ymin>694</ymin>
			<xmax>2920</xmax>
			<ymax>746</ymax>
		</bndbox>
	</object>
	<object>
		<name>persimmon</name>
		<pose>Unspecified</pose>
		<truncated>0</truncated>
		<difficult>0</difficult>
		<bndbox>
			<xmin>3094</xmin>
			<ymin>744</ymin>
			<xmax>3162</xmax>
			<ymax>808</ymax>
		</bndbox>
	</object>
	<object>
		<name>persimmon</name>
		<pose>Unspecified</pose>
		<truncated>0</truncated>
		<difficult>0</difficult>
		<bndbox>
			<xmin>3166</xmin>
			<ymin>801</ymin>
			<xmax>3229</xmax>
			<ymax>852</ymax>
		</bndbox>
	</object>
	<object>
		<name>persimmon</name>
		<pose>Unspecified</pose>
		<truncated>0</truncated>
		<difficult>0</difficult>
		<bndbox>
			<xmin>3069</xmin>
			<ymin>709</ymin>
			<xmax>3116</xmax>
			<ymax>764</ymax>
		</bndbox>
	</object>
	<object>
		<name>persimmon</name>
		<pose>Unspecified</pose>
		<truncated>0</truncated>
		<difficult>0</difficult>
		<bndbox>
			<xmin>3030</xmin>
			<ymin>782</ymin>
			<xmax>3087</xmax>
			<ymax>831</ymax>
		</bndbox>
	</object>
	<object>
		<name>persimmon</name>
		<pose>Unspecified</pose>
		<truncated>0</truncated>
		<difficult>0</difficult>
		<bndbox>
			<xmin>1564</xmin>
			<ymin>585</ymin>
			<xmax>1657</xmax>
			<ymax>651</ymax>
		</bndbox>
	</object>
	<object>
		<name>persimmon</name>
		<pose>Unspecified</pose>
		<truncated>0</truncated>
		<difficult>0</difficult>
		<bndbox>
			<xmin>1574</xmin>
			<ymin>737</ymin>
			<xmax>1659</xmax>
			<ymax>825</ymax>
		</bndbox>
	</object>
	<object>
		<name>persimmon</name>
		<pose>Unspecified</pose>
		<truncated>0</truncated>
		<difficult>0</difficult>
		<bndbox>
			<xmin>1400</xmin>
			<ymin>708</ymin>
			<xmax>1486</xmax>
			<ymax>791</ymax>
		</bndbox>
	</object>
	<object>
		<name>persimmon</name>
		<pose>Unspecified</pose>
		<truncated>0</truncated>
		<difficult>0</difficult>
		<bndbox>
			<xmin>1123</xmin>
			<ymin>570</ymin>
			<xmax>1196</xmax>
			<ymax>645</ymax>
		</bndbox>
	</object>
	<object>
		<name>persimmon</name>
		<pose>Unspecified</pose>
		<truncated>0</truncated>
		<difficult>0</difficult>
		<bndbox>
			<xmin>1182</xmin>
			<ymin>576</ymin>
			<xmax>1226</xmax>
			<ymax>633</ymax>
		</bndbox>
	</object>
	<object>
		<name>persimmon</name>
		<pose>Unspecified</pose>
		<truncated>0</truncated>
		<difficult>0</difficult>
		<bndbox>
			<xmin>1257</xmin>
			<ymin>489</ymin>
			<xmax>1314</xmax>
			<ymax>547</ymax>
		</bndbox>
	</object>
	<object>
		<name>persimmon</name>
		<pose>Unspecified</pose>
		<truncated>0</truncated>
		<difficult>0</difficult>
		<bndbox>
			<xmin>1340</xmin>
			<ymin>420</ymin>
			<xmax>1390</xmax>
			<ymax>472</ymax>
		</bndbox>
	</object>
	<object>
		<name>persimmon</name>
		<pose>Unspecified</pose>
		<truncated>0</truncated>
		<difficult>0</difficult>
		<bndbox>
			<xmin>1302</xmin>
			<ymin>470</ymin>
			<xmax>1345</xmax>
			<ymax>520</ymax>
		</bndbox>
	</object>
	<object>
		<name>persimmon</name>
		<pose>Unspecified</pose>
		<truncated>0</truncated>
		<difficult>0</difficult>
		<bndbox>
			<xmin>1307</xmin>
			<ymin>524</ymin>
			<xmax>1354</xmax>
			<ymax>569</ymax>
		</bndbox>
	</object>
	<object>
		<name>persimmon</name>
		<pose>Unspecified</pose>
		<truncated>0</truncated>
		<difficult>0</difficult>
		<bndbox>
			<xmin>1427</xmin>
			<ymin>157</ymin>
			<xmax>1512</xmax>
			<ymax>246</ymax>
		</bndbox>
	</object>
	<object>
		<name>persimmon</name>
		<pose>Unspecified</pose>
		<truncated>0</truncated>
		<difficult>0</difficult>
		<bndbox>
			<xmin>3346</xmin>
			<ymin>908</ymin>
			<xmax>3420</xmax>
			<ymax>989</ymax>
		</bndbox>
	</object>
	<object>
		<name>persimmon</name>
		<pose>Unspecified</pose>
		<truncated>0</truncated>
		<difficult>0</difficult>
		<bndbox>
			<xmin>3282</xmin>
			<ymin>1032</ymin>
			<xmax>3346</xmax>
			<ymax>1108</ymax>
		</bndbox>
	</object>
	<object>
		<name>persimmon</name>
		<pose>Unspecified</pose>
		<truncated>0</truncated>
		<difficult>0</difficult>
		<bndbox>
			<xmin>2596</xmin>
			<ymin>703</ymin>
			<xmax>2647</xmax>
			<ymax>753</ymax>
		</bndbox>
	</object>
	<object>
		<name>persimmon</name>
		<pose>Unspecified</pose>
		<truncated>0</truncated>
		<difficult>0</difficult>
		<bndbox>
			<xmin>2563</xmin>
			<ymin>788</ymin>
			<xmax>2610</xmax>
			<ymax>826</ymax>
		</bndbox>
	</object>
	<object>
		<name>persimmon</name>
		<pose>Unspecified</pose>
		<truncated>0</truncated>
		<difficult>0</difficult>
		<bndbox>
			<xmin>2481</xmin>
			<ymin>673</ymin>
			<xmax>2519</xmax>
			<ymax>720</ymax>
		</bndbox>
	</object>
	<object>
		<name>persimmon</name>
		<pose>Unspecified</pose>
		<truncated>0</truncated>
		<difficult>0</difficult>
		<bndbox>
			<xmin>2496</xmin>
			<ymin>708</ymin>
			<xmax>2542</xmax>
			<ymax>760</ymax>
		</bndbox>
	</object>
	<object>
		<name>persimmon</name>
		<pose>Unspecified</pose>
		<truncated>0</truncated>
		<difficult>0</difficult>
		<bndbox>
			<xmin>2555</xmin>
			<ymin>702</ymin>
			<xmax>2586</xmax>
			<ymax>753</ymax>
		</bndbox>
	</object>
	<object>
		<name>persimmon</name>
		<pose>Unspecified</pose>
		<truncated>0</truncated>
		<difficult>0</difficult>
		<bndbox>
			<xmin>2532</xmin>
			<ymin>755</ymin>
			<xmax>2571</xmax>
			<ymax>794</ymax>
		</bndbox>
	</object>
	<object>
		<name>persimmon</name>
		<pose>Unspecified</pose>
		<truncated>0</truncated>
		<difficult>0</difficult>
		<bndbox>
			<xmin>2483</xmin>
			<ymin>887</ymin>
			<xmax>2526</xmax>
			<ymax>930</ymax>
		</bndbox>
	</object>
	<object>
		<name>persimmon</name>
		<pose>Unspecified</pose>
		<truncated>0</truncated>
		<difficult>0</difficult>
		<bndbox>
			<xmin>2444</xmin>
			<ymin>917</ymin>
			<xmax>2483</xmax>
			<ymax>965</ymax>
		</bndbox>
	</object>
	<object>
		<name>persimmon</name>
		<pose>Unspecified</pose>
		<truncated>0</truncated>
		<difficult>0</difficult>
		<bndbox>
			<xmin>2244</xmin>
			<ymin>918</ymin>
			<xmax>2284</xmax>
			<ymax>966</ymax>
		</bndbox>
	</object>
	<object>
		<name>persimmon</name>
		<pose>Unspecified</pose>
		<truncated>0</truncated>
		<difficult>0</difficult>
		<bndbox>
			<xmin>1949</xmin>
			<ymin>937</ymin>
			<xmax>2002</xmax>
			<ymax>995</ymax>
		</bndbox>
	</object>
	<object>
		<name>persimmon</name>
		<pose>Unspecified</pose>
		<truncated>0</truncated>
		<difficult>0</difficult>
		<bndbox>
			<xmin>1999</xmin>
			<ymin>934</ymin>
			<xmax>2050</xmax>
			<ymax>982</ymax>
		</bndbox>
	</object>
	<object>
		<name>persimmon</name>
		<pose>Unspecified</pose>
		<truncated>0</truncated>
		<difficult>0</difficult>
		<bndbox>
			<xmin>2421</xmin>
			<ymin>1092</ymin>
			<xmax>2462</xmax>
			<ymax>1151</ymax>
		</bndbox>
	</object>
	<object>
		<name>persimmon</name>
		<pose>Unspecified</pose>
		<truncated>0</truncated>
		<difficult>0</difficult>
		<bndbox>
			<xmin>2464</xmin>
			<ymin>1086</ymin>
			<xmax>2517</xmax>
			<ymax>1130</ymax>
		</bndbox>
	</object>
	<object>
		<name>persimmon</name>
		<pose>Unspecified</pose>
		<truncated>0</truncated>
		<difficult>0</difficult>
		<bndbox>
			<xmin>2537</xmin>
			<ymin>1063</ymin>
			<xmax>2590</xmax>
			<ymax>1118</ymax>
		</bndbox>
	</object>
	<object>
		<name>persimmon</name>
		<pose>Unspecified</pose>
		<truncated>0</truncated>
		<difficult>0</difficult>
		<bndbox>
			<xmin>2596</xmin>
			<ymin>1126</ymin>
			<xmax>2646</xmax>
			<ymax>1178</ymax>
		</bndbox>
	</object>
	<object>
		<name>persimmon</name>
		<pose>Unspecified</pose>
		<truncated>0</truncated>
		<difficult>0</difficult>
		<bndbox>
			<xmin>2499</xmin>
			<ymin>1186</ymin>
			<xmax>2538</xmax>
			<ymax>1218</ymax>
		</bndbox>
	</object>
	<object>
		<name>persimmon</name>
		<pose>Unspecified</pose>
		<truncated>0</truncated>
		<difficult>0</difficult>
		<bndbox>
			<xmin>2473</xmin>
			<ymin>1231</ymin>
			<xmax>2513</xmax>
			<ymax>1259</ymax>
		</bndbox>
	</object>
	<object>
		<name>persimmon</name>
		<pose>Unspecified</pose>
		<truncated>0</truncated>
		<difficult>0</difficult>
		<bndbox>
			<xmin>2620</xmin>
			<ymin>1281</ymin>
			<xmax>2685</xmax>
			<ymax>1348</ymax>
		</bndbox>
	</object>
	<object>
		<name>persimmon</name>
		<pose>Unspecified</pose>
		<truncated>1</truncated>
		<difficult>0</difficult>
		<bndbox>
			<xmin>2545</xmin>
			<ymin>1362</ymin>
			<xmax>2606</xmax>
			<ymax>1416</ymax>
		</bndbox>
	</object>
	<object>
		<name>persimmon</name>
		<pose>Unspecified</pose>
		<truncated>0</truncated>
		<difficult>0</difficult>
		<bndbox>
			<xmin>2495</xmin>
			<ymin>1374</ymin>
			<xmax>2533</xmax>
			<ymax>1406</ymax>
		</bndbox>
	</object>
	<object>
		<name>persimmon</name>
		<pose>Unspecified</pose>
		<truncated>0</truncated>
		<difficult>0</difficult>
		<bndbox>
			<xmin>2631</xmin>
			<ymin>1335</ymin>
			<xmax>2695</xmax>
			<ymax>1393</ymax>
		</bndbox>
	</object>
	<object>
		<name>persimmon</name>
		<pose>Unspecified</pose>
		<truncated>1</truncated>
		<difficult>0</difficult>
		<bndbox>
			<xmin>2681</xmin>
			<ymin>1355</ymin>
			<xmax>2745</xmax>
			<ymax>1416</ymax>
		</bndbox>
	</object>
	<object>
		<name>persimmon</name>
		<pose>Unspecified</pose>
		<truncated>0</truncated>
		<difficult>0</difficult>
		<bndbox>
			<xmin>2612</xmin>
			<ymin>1337</ymin>
			<xmax>2640</xmax>
			<ymax>1365</ymax>
		</bndbox>
	</object>
	<object>
		<name>persimmon</name>
		<pose>Unspecified</pose>
		<truncated>0</truncated>
		<difficult>0</difficult>
		<bndbox>
			<xmin>2779</xmin>
			<ymin>1279</ymin>
			<xmax>2821</xmax>
			<ymax>1327</ymax>
		</bndbox>
	</object>
	<object>
		<name>persimmon</name>
		<pose>Unspecified</pose>
		<truncated>0</truncated>
		<difficult>0</difficult>
		<bndbox>
			<xmin>2682</xmin>
			<ymin>1244</ymin>
			<xmax>2716</xmax>
			<ymax>1283</ymax>
		</bndbox>
	</object>
	<object>
		<name>persimmon</name>
		<pose>Unspecified</pose>
		<truncated>1</truncated>
		<difficult>0</difficult>
		<bndbox>
			<xmin>2828</xmin>
			<ymin>1365</ymin>
			<xmax>2897</xmax>
			<ymax>1416</ymax>
		</bndbox>
	</object>
	<object>
		<name>persimmon</name>
		<pose>Unspecified</pose>
		<truncated>0</truncated>
		<difficult>0</difficult>
		<bndbox>
			<xmin>2872</xmin>
			<ymin>1259</ymin>
			<xmax>2915</xmax>
			<ymax>1301</ymax>
		</bndbox>
	</object>
	<object>
		<name>persimmon</name>
		<pose>Unspecified</pose>
		<truncated>0</truncated>
		<difficult>0</difficult>
		<bndbox>
			<xmin>2254</xmin>
			<ymin>1318</ymin>
			<xmax>2323</xmax>
			<ymax>1390</ymax>
		</bndbox>
	</object>
	<object>
		<name>persimmon</name>
		<pose>Unspecified</pose>
		<truncated>0</truncated>
		<difficult>0</difficult>
		<bndbox>
			<xmin>3053</xmin>
			<ymin>1256</ymin>
			<xmax>3100</xmax>
			<ymax>1300</ymax>
		</bndbox>
	</object>
	<object>
		<name>persimmon</name>
		<pose>Unspecified</pose>
		<truncated>0</truncated>
		<difficult>0</difficult>
		<bndbox>
			<xmin>2989</xmin>
			<ymin>1206</ymin>
			<xmax>3039</xmax>
			<ymax>1259</ymax>
		</bndbox>
	</object>
	<object>
		<name>persimmon</name>
		<pose>Unspecified</pose>
		<truncated>0</truncated>
		<difficult>0</difficult>
		<bndbox>
			<xmin>2725</xmin>
			<ymin>1128</ymin>
			<xmax>2767</xmax>
			<ymax>1160</ymax>
		</bndbox>
	</object>
	<object>
		<name>persimmon</name>
		<pose>Unspecified</pose>
		<truncated>0</truncated>
		<difficult>0</difficult>
		<bndbox>
			<xmin>2761</xmin>
			<ymin>1088</ymin>
			<xmax>2803</xmax>
			<ymax>1115</ymax>
		</bndbox>
	</object>
	<object>
		<name>persimmon</name>
		<pose>Unspecified</pose>
		<truncated>0</truncated>
		<difficult>0</difficult>
		<bndbox>
			<xmin>2981</xmin>
			<ymin>990</ymin>
			<xmax>3024</xmax>
			<ymax>1045</ymax>
		</bndbox>
	</object>
	<object>
		<name>persimmon</name>
		<pose>Unspecified</pose>
		<truncated>0</truncated>
		<difficult>0</difficult>
		<bndbox>
			<xmin>2954</xmin>
			<ymin>941</ymin>
			<xmax>2995</xmax>
			<ymax>987</ymax>
		</bndbox>
	</object>
	<object>
		<name>persimmon</name>
		<pose>Unspecified</pose>
		<truncated>0</truncated>
		<difficult>0</difficult>
		<bndbox>
			<xmin>2958</xmin>
			<ymin>890</ymin>
			<xmax>3005</xmax>
			<ymax>929</ymax>
		</bndbox>
	</object>
	<object>
		<name>persimmon</name>
		<pose>Unspecified</pose>
		<truncated>0</truncated>
		<difficult>0</difficult>
		<bndbox>
			<xmin>2999</xmin>
			<ymin>819</ymin>
			<xmax>3040</xmax>
			<ymax>854</ymax>
		</bndbox>
	</object>
	<object>
		<name>persimmon</name>
		<pose>Unspecified</pose>
		<truncated>0</truncated>
		<difficult>0</difficult>
		<bndbox>
			<xmin>1791</xmin>
			<ymin>714</ymin>
			<xmax>1855</xmax>
			<ymax>766</ymax>
		</bndbox>
	</object>
	<object>
		<name>persimmon</name>
		<pose>Unspecified</pose>
		<truncated>0</truncated>
		<difficult>0</difficult>
		<bndbox>
			<xmin>1741</xmin>
			<ymin>789</ymin>
			<xmax>1802</xmax>
			<ymax>855</ymax>
		</bndbox>
	</object>
	<object>
		<name>persimmon</name>
		<pose>Unspecified</pose>
		<truncated>0</truncated>
		<difficult>0</difficult>
		<bndbox>
			<xmin>2359</xmin>
			<ymin>671</ymin>
			<xmax>2402</xmax>
			<ymax>727</ymax>
		</bndbox>
	</object>
	<object>
		<name>persimmon</name>
		<pose>Unspecified</pose>
		<truncated>0</truncated>
		<difficult>0</difficult>
		<bndbox>
			<xmin>2391</xmin>
			<ymin>705</ymin>
			<xmax>2443</xmax>
			<ymax>756</ymax>
		</bndbox>
	</object>
	<object>
		<name>persimmon</name>
		<pose>Unspecified</pose>
		<truncated>0</truncated>
		<difficult>0</difficult>
		<bndbox>
			<xmin>2233</xmin>
			<ymin>735</ymin>
			<xmax>2281</xmax>
			<ymax>785</ymax>
		</bndbox>
	</object>
	<object>
		<name>persimmon</name>
		<pose>Unspecified</pose>
		<truncated>0</truncated>
		<difficult>0</difficult>
		<bndbox>
			<xmin>2310</xmin>
			<ymin>697</ymin>
			<xmax>2354</xmax>
			<ymax>750</ymax>
		</bndbox>
	</object>
	<object>
		<name>persimmon</name>
		<pose>Unspecified</pose>
		<truncated>0</truncated>
		<difficult>0</difficult>
		<bndbox>
			<xmin>2254</xmin>
			<ymin>684</ymin>
			<xmax>2294</xmax>
			<ymax>735</ymax>
		</bndbox>
	</object>
	<object>
		<name>persimmon</name>
		<pose>Unspecified</pose>
		<truncated>0</truncated>
		<difficult>0</difficult>
		<bndbox>
			<xmin>2238</xmin>
			<ymin>588</ymin>
			<xmax>2325</xmax>
			<ymax>669</ymax>
		</bndbox>
	</object>
	<object>
		<name>persimmon</name>
		<pose>Unspecified</pose>
		<truncated>0</truncated>
		<difficult>0</difficult>
		<bndbox>
			<xmin>2182</xmin>
			<ymin>507</ymin>
			<xmax>2260</xmax>
			<ymax>590</ymax>
		</bndbox>
	</object>
	<object>
		<name>persimmon</name>
		<pose>Unspecified</pose>
		<truncated>0</truncated>
		<difficult>0</difficult>
		<bndbox>
			<xmin>2588</xmin>
			<ymin>554</ymin>
			<xmax>2668</xmax>
			<ymax>622</ymax>
		</bndbox>
	</object>
	<object>
		<name>persimmon</name>
		<pose>Unspecified</pose>
		<truncated>0</truncated>
		<difficult>0</difficult>
		<bndbox>
			<xmin>747</xmin>
			<ymin>979</ymin>
			<xmax>801</xmax>
			<ymax>1033</ymax>
		</bndbox>
	</object>
	<object>
		<name>persimmon</name>
		<pose>Unspecified</pose>
		<truncated>0</truncated>
		<difficult>0</difficult>
		<bndbox>
			<xmin>806</xmin>
			<ymin>985</ymin>
			<xmax>859</xmax>
			<ymax>1028</ymax>
		</bndbox>
	</object>
	<object>
		<name>persimmon</name>
		<pose>Unspecified</pose>
		<truncated>0</truncated>
		<difficult>0</difficult>
		<bndbox>
			<xmin>940</xmin>
			<ymin>999</ymin>
			<xmax>987</xmax>
			<ymax>1056</ymax>
		</bndbox>
	</object>
	<object>
		<name>persimmon</name>
		<pose>Unspecified</pose>
		<truncated>0</truncated>
		<difficult>0</difficult>
		<bndbox>
			<xmin>897</xmin>
			<ymin>1008</ymin>
			<xmax>948</xmax>
			<ymax>1065</ymax>
		</bndbox>
	</object>
	<object>
		<name>persimmon</name>
		<pose>Unspecified</pose>
		<truncated>0</truncated>
		<difficult>0</difficult>
		<bndbox>
			<xmin>992</xmin>
			<ymin>1208</ymin>
			<xmax>1034</xmax>
			<ymax>1255</ymax>
		</bndbox>
	</object>
	<object>
		<name>persimmon</name>
		<pose>Unspecified</pose>
		<truncated>0</truncated>
		<difficult>0</difficult>
		<bndbox>
			<xmin>689</xmin>
			<ymin>1250</ymin>
			<xmax>735</xmax>
			<ymax>1291</ymax>
		</bndbox>
	</object>
	<object>
		<name>persimmon</name>
		<pose>Unspecified</pose>
		<truncated>0</truncated>
		<difficult>0</difficult>
		<bndbox>
			<xmin>1094</xmin>
			<ymin>1139</ymin>
			<xmax>1139</xmax>
			<ymax>1186</ymax>
		</bndbox>
	</object>
	<object>
		<name>persimmon</name>
		<pose>Unspecified</pose>
		<truncated>0</truncated>
		<difficult>0</difficult>
		<bndbox>
			<xmin>1062</xmin>
			<ymin>1144</ymin>
			<xmax>1094</xmax>
			<ymax>1186</ymax>
		</bndbox>
	</object>
	<object>
		<name>persimmon</name>
		<pose>Unspecified</pose>
		<truncated>0</truncated>
		<difficult>0</difficult>
		<bndbox>
			<xmin>1058</xmin>
			<ymin>1173</ymin>
			<xmax>1096</xmax>
			<ymax>1208</ymax>
		</bndbox>
	</object>
	<object>
		<name>persimmon</name>
		<pose>Unspecified</pose>
		<truncated>0</truncated>
		<difficult>0</difficult>
		<bndbox>
			<xmin>1145</xmin>
			<ymin>1273</ymin>
			<xmax>1184</xmax>
			<ymax>1318</ymax>
		</bndbox>
	</object>
	<object>
		<name>persimmon</name>
		<pose>Unspecified</pose>
		<truncated>0</truncated>
		<difficult>0</difficult>
		<bndbox>
			<xmin>1174</xmin>
			<ymin>850</ymin>
			<xmax>1227</xmax>
			<ymax>903</ymax>
		</bndbox>
	</object>
	<object>
		<name>persimmon</name>
		<pose>Unspecified</pose>
		<truncated>0</truncated>
		<difficult>0</difficult>
		<bndbox>
			<xmin>1131</xmin>
			<ymin>699</ymin>
			<xmax>1186</xmax>
			<ymax>745</ymax>
		</bndbox>
	</object>
	<object>
		<name>persimmon</name>
		<pose>Unspecified</pose>
		<truncated>0</truncated>
		<difficult>0</difficult>
		<bndbox>
			<xmin>1137</xmin>
			<ymin>657</ymin>
			<xmax>1183</xmax>
			<ymax>703</ymax>
		</bndbox>
	</object>
	<object>
		<name>persimmon</name>
		<pose>Unspecified</pose>
		<truncated>0</truncated>
		<difficult>0</difficult>
		<bndbox>
			<xmin>1210</xmin>
			<ymin>750</ymin>
			<xmax>1251</xmax>
			<ymax>788</ymax>
		</bndbox>
	</object>
	<object>
		<name>persimmon</name>
		<pose>Unspecified</pose>
		<truncated>0</truncated>
		<difficult>0</difficult>
		<bndbox>
			<xmin>1969</xmin>
			<ymin>709</ymin>
			<xmax>2026</xmax>
			<ymax>763</ymax>
		</bndbox>
	</object>
	<object>
		<name>persimmon</name>
		<pose>Unspecified</pose>
		<truncated>0</truncated>
		<difficult>0</difficult>
		<bndbox>
			<xmin>1124</xmin>
			<ymin>1334</ymin>
			<xmax>1156</xmax>
			<ymax>1367</ymax>
		</bndbox>
	</object>
	<object>
		<name>persimmon</name>
		<pose>Unspecified</pose>
		<truncated>0</truncated>
		<difficult>0</difficult>
		<bndbox>
			<xmin>951</xmin>
			<ymin>684</ymin>
			<xmax>1043</xmax>
			<ymax>773</ymax>
		</bndbox>
	</object>
	<object>
		<name>persimmon</name>
		<pose>Unspecified</pose>
		<truncated>0</truncated>
		<difficult>0</difficult>
		<bndbox>
			<xmin>869</xmin>
			<ymin>654</ymin>
			<xmax>920</xmax>
			<ymax>699</ymax>
		</bndbox>
	</object>
	<object>
		<name>persimmon</name>
		<pose>Unspecified</pose>
		<truncated>0</truncated>
		<difficult>0</difficult>
		<bndbox>
			<xmin>821</xmin>
			<ymin>663</ymin>
			<xmax>872</xmax>
			<ymax>704</ymax>
		</bndbox>
	</object>
	<object>
		<name>persimmon</name>
		<pose>Unspecified</pose>
		<truncated>0</truncated>
		<difficult>0</difficult>
		<bndbox>
			<xmin>631</xmin>
			<ymin>605</ymin>
			<xmax>714</xmax>
			<ymax>686</ymax>
		</bndbox>
	</object>
	<object>
		<name>persimmon</name>
		<pose>Unspecified</pose>
		<truncated>0</truncated>
		<difficult>0</difficult>
		<bndbox>
			<xmin>552</xmin>
			<ymin>609</ymin>
			<xmax>636</xmax>
			<ymax>696</ymax>
		</bndbox>
	</object>
	<object>
		<name>persimmon</name>
		<pose>Unspecified</pose>
		<truncated>0</truncated>
		<difficult>0</difficult>
		<bndbox>
			<xmin>1124</xmin>
			<ymin>482</ymin>
			<xmax>1202</xmax>
			<ymax>553</ymax>
		</bndbox>
	</object>
	<object>
		<name>persimmon</name>
		<pose>Unspecified</pose>
		<truncated>0</truncated>
		<difficult>0</difficult>
		<bndbox>
			<xmin>1026</xmin>
			<ymin>433</ymin>
			<xmax>1103</xmax>
			<ymax>509</ymax>
		</bndbox>
	</object>
	<object>
		<name>persimmon</name>
		<pose>Unspecified</pose>
		<truncated>0</truncated>
		<difficult>0</difficult>
		<bndbox>
			<xmin>1051</xmin>
			<ymin>359</ymin>
			<xmax>1135</xmax>
			<ymax>439</ymax>
		</bndbox>
	</object>
	<object>
		<name>persimmon</name>
		<pose>Unspecified</pose>
		<truncated>0</truncated>
		<difficult>0</difficult>
		<bndbox>
			<xmin>1223</xmin>
			<ymin>381</ymin>
			<xmax>1271</xmax>
			<ymax>430</ymax>
		</bndbox>
	</object>
	<object>
		<name>persimmon</name>
		<pose>Unspecified</pose>
		<truncated>0</truncated>
		<difficult>0</difficult>
		<bndbox>
			<xmin>962</xmin>
			<ymin>479</ymin>
			<xmax>1044</xmax>
			<ymax>543</ymax>
		</bndbox>
	</object>
	<object>
		<name>persimmon</name>
		<pose>Unspecified</pose>
		<truncated>0</truncated>
		<difficult>0</difficult>
		<bndbox>
			<xmin>1135</xmin>
			<ymin>268</ymin>
			<xmax>1208</xmax>
			<ymax>342</ymax>
		</bndbox>
	</object>
	<object>
		<name>persimmon</name>
		<pose>Unspecified</pose>
		<truncated>0</truncated>
		<difficult>0</difficult>
		<bndbox>
			<xmin>1048</xmin>
			<ymin>209</ymin>
			<xmax>1130</xmax>
			<ymax>273</ymax>
		</bndbox>
	</object>
	<object>
		<name>persimmon</name>
		<pose>Unspecified</pose>
		<truncated>0</truncated>
		<difficult>0</difficult>
		<bndbox>
			<xmin>1082</xmin>
			<ymin>78</ymin>
			<xmax>1161</xmax>
			<ymax>159</ymax>
		</bndbox>
	</object>
	<object>
		<name>persimmon</name>
		<pose>Unspecified</pose>
		<truncated>0</truncated>
		<difficult>0</difficult>
		<bndbox>
			<xmin>1094</xmin>
			<ymin>150</ymin>
			<xmax>1149</xmax>
			<ymax>191</ymax>
		</bndbox>
	</object>
	<object>
		<name>persimmon</name>
		<pose>Unspecified</pose>
		<truncated>0</truncated>
		<difficult>0</difficult>
		<bndbox>
			<xmin>631</xmin>
			<ymin>118</ymin>
			<xmax>686</xmax>
			<ymax>179</ymax>
		</bndbox>
	</object>
	<object>
		<name>persimmon</name>
		<pose>Unspecified</pose>
		<truncated>0</truncated>
		<difficult>0</difficult>
		<bndbox>
			<xmin>671</xmin>
			<ymin>104</ymin>
			<xmax>721</xmax>
			<ymax>155</ymax>
		</bndbox>
	</object>
	<object>
		<name>persimmon</name>
		<pose>Unspecified</pose>
		<truncated>0</truncated>
		<difficult>0</difficult>
		<bndbox>
			<xmin>733</xmin>
			<ymin>71</ymin>
			<xmax>786</xmax>
			<ymax>141</ymax>
		</bndbox>
	</object>
	<object>
		<name>persimmon</name>
		<pose>Unspecified</pose>
		<truncated>0</truncated>
		<difficult>0</difficult>
		<bndbox>
			<xmin>730</xmin>
			<ymin>121</ymin>
			<xmax>798</xmax>
			<ymax>167</ymax>
		</bndbox>
	</object>
	<object>
		<name>persimmon</name>
		<pose>Unspecified</pose>
		<truncated>0</truncated>
		<difficult>0</difficult>
		<bndbox>
			<xmin>2557</xmin>
			<ymin>202</ymin>
			<xmax>2609</xmax>
			<ymax>245</ymax>
		</bndbox>
	</object>
	<object>
		<name>persimmon</name>
		<pose>Unspecified</pose>
		<truncated>0</truncated>
		<difficult>0</difficult>
		<bndbox>
			<xmin>2569</xmin>
			<ymin>134</ymin>
			<xmax>2599</xmax>
			<ymax>178</ymax>
		</bndbox>
	</object>
	<object>
		<name>persimmon</name>
		<pose>Unspecified</pose>
		<truncated>0</truncated>
		<difficult>0</difficult>
		<bndbox>
			<xmin>2660</xmin>
			<ymin>49</ymin>
			<xmax>2704</xmax>
			<ymax>95</ymax>
		</bndbox>
	</object>
	<object>
		<name>persimmon</name>
		<pose>Unspecified</pose>
		<truncated>0</truncated>
		<difficult>0</difficult>
		<bndbox>
			<xmin>469</xmin>
			<ymin>239</ymin>
			<xmax>519</xmax>
			<ymax>291</ymax>
		</bndbox>
	</object>
	<object>
		<name>persimmon</name>
		<pose>Unspecified</pose>
		<truncated>0</truncated>
		<difficult>0</difficult>
		<bndbox>
			<xmin>382</xmin>
			<ymin>153</ymin>
			<xmax>440</xmax>
			<ymax>222</ymax>
		</bndbox>
	</object>
	<object>
		<name>persimmon</name>
		<pose>Unspecified</pose>
		<truncated>0</truncated>
		<difficult>0</difficult>
		<bndbox>
			<xmin>422</xmin>
			<ymin>125</ymin>
			<xmax>476</xmax>
			<ymax>179</ymax>
		</bndbox>
	</object>
	<object>
		<name>persimmon</name>
		<pose>Unspecified</pose>
		<truncated>0</truncated>
		<difficult>0</difficult>
		<bndbox>
			<xmin>243</xmin>
			<ymin>95</ymin>
			<xmax>313</xmax>
			<ymax>159</ymax>
		</bndbox>
	</object>
	<object>
		<name>persimmon</name>
		<pose>Unspecified</pose>
		<truncated>0</truncated>
		<difficult>0</difficult>
		<bndbox>
			<xmin>1762</xmin>
			<ymin>299</ymin>
			<xmax>1821</xmax>
			<ymax>343</ymax>
		</bndbox>
	</object>
</annotation>
