<annotation verified="yes">
	<folder>邱天961-1200</folder>
	<filename>1020.JPEG</filename>
	<path>C:\Users\86155\Desktop\邱天961-1200\1020.JPEG</path>
	<source>
		<database>Unknown</database>
	</source>
	<size>
		<width>2921</width>
		<height>3550</height>
		<depth>3</depth>
	</size>
	<segmented>0</segmented>
	<object>
		<name>persimmon</name>
		<pose>Unspecified</pose>
		<truncated>0</truncated>
		<difficult>1</difficult>
		<bndbox>
			<xmin>23</xmin>
			<ymin>288</ymin>
			<xmax>165</xmax>
			<ymax>403</ymax>
		</bndbox>
	</object>
	<object>
		<name>persimmon</name>
		<pose>Unspecified</pose>
		<truncated>0</truncated>
		<difficult>1</difficult>
		<bndbox>
			<xmin>499</xmin>
			<ymin>459</ymin>
			<xmax>620</xmax>
			<ymax>568</ymax>
		</bndbox>
	</object>
	<object>
		<name>persimmon</name>
		<pose>Unspecified</pose>
		<truncated>0</truncated>
		<difficult>1</difficult>
		<bndbox>
			<xmin>432</xmin>
			<ymin>526</ymin>
			<xmax>541</xmax>
			<ymax>609</ymax>
		</bndbox>
	</object>
	<object>
		<name>persimmon</name>
		<pose>Unspecified</pose>
		<truncated>0</truncated>
		<difficult>1</difficult>
		<bndbox>
			<xmin>297</xmin>
			<ymin>471</ymin>
			<xmax>411</xmax>
			<ymax>575</ymax>
		</bndbox>
	</object>
	<object>
		<name>persimmon</name>
		<pose>Unspecified</pose>
		<truncated>1</truncated>
		<difficult>1</difficult>
		<bndbox>
			<xmin>1</xmin>
			<ymin>514</ymin>
			<xmax>121</xmax>
			<ymax>611</ymax>
		</bndbox>
	</object>
	<object>
		<name>persimmon</name>
		<pose>Unspecified</pose>
		<truncated>0</truncated>
		<difficult>1</difficult>
		<bndbox>
			<xmin>277</xmin>
			<ymin>573</ymin>
			<xmax>400</xmax>
			<ymax>652</ymax>
		</bndbox>
	</object>
	<object>
		<name>persimmon</name>
		<pose>Unspecified</pose>
		<truncated>0</truncated>
		<difficult>1</difficult>
		<bndbox>
			<xmin>499</xmin>
			<ymin>635</ymin>
			<xmax>606</xmax>
			<ymax>718</ymax>
		</bndbox>
	</object>
	<object>
		<name>persimmon</name>
		<pose>Unspecified</pose>
		<truncated>0</truncated>
		<difficult>1</difficult>
		<bndbox>
			<xmin>4</xmin>
			<ymin>590</ymin>
			<xmax>185</xmax>
			<ymax>735</ymax>
		</bndbox>
	</object>
	<object>
		<name>persimmon</name>
		<pose>Unspecified</pose>
		<truncated>0</truncated>
		<difficult>1</difficult>
		<bndbox>
			<xmin>202</xmin>
			<ymin>681</ymin>
			<xmax>315</xmax>
			<ymax>795</ymax>
		</bndbox>
	</object>
	<object>
		<name>persimmon</name>
		<pose>Unspecified</pose>
		<truncated>0</truncated>
		<difficult>1</difficult>
		<bndbox>
			<xmin>475</xmin>
			<ymin>729</ymin>
			<xmax>583</xmax>
			<ymax>843</ymax>
		</bndbox>
	</object>
	<object>
		<name>persimmon</name>
		<pose>Unspecified</pose>
		<truncated>0</truncated>
		<difficult>1</difficult>
		<bndbox>
			<xmin>1386</xmin>
			<ymin>71</ymin>
			<xmax>1467</xmax>
			<ymax>187</ymax>
		</bndbox>
	</object>
	<object>
		<name>persimmon</name>
		<pose>Unspecified</pose>
		<truncated>0</truncated>
		<difficult>1</difficult>
		<bndbox>
			<xmin>1967</xmin>
			<ymin>7</ymin>
			<xmax>2046</xmax>
			<ymax>91</ymax>
		</bndbox>
	</object>
	<object>
		<name>persimmon</name>
		<pose>Unspecified</pose>
		<truncated>0</truncated>
		<difficult>1</difficult>
		<bndbox>
			<xmin>2032</xmin>
			<ymin>50</ymin>
			<xmax>2104</xmax>
			<ymax>122</ymax>
		</bndbox>
	</object>
	<object>
		<name>persimmon</name>
		<pose>Unspecified</pose>
		<truncated>0</truncated>
		<difficult>1</difficult>
		<bndbox>
			<xmin>1993</xmin>
			<ymin>115</ymin>
			<xmax>2075</xmax>
			<ymax>184</ymax>
		</bndbox>
	</object>
	<object>
		<name>persimmon</name>
		<pose>Unspecified</pose>
		<truncated>0</truncated>
		<difficult>1</difficult>
		<bndbox>
			<xmin>1387</xmin>
			<ymin>337</ymin>
			<xmax>1475</xmax>
			<ymax>432</ymax>
		</bndbox>
	</object>
	<object>
		<name>persimmon</name>
		<pose>Unspecified</pose>
		<truncated>0</truncated>
		<difficult>1</difficult>
		<bndbox>
			<xmin>1452</xmin>
			<ymin>333</ymin>
			<xmax>1512</xmax>
			<ymax>436</ymax>
		</bndbox>
	</object>
	<object>
		<name>persimmon</name>
		<pose>Unspecified</pose>
		<truncated>0</truncated>
		<difficult>1</difficult>
		<bndbox>
			<xmin>1501</xmin>
			<ymin>323</ymin>
			<xmax>1578</xmax>
			<ymax>411</ymax>
		</bndbox>
	</object>
	<object>
		<name>persimmon</name>
		<pose>Unspecified</pose>
		<truncated>0</truncated>
		<difficult>1</difficult>
		<bndbox>
			<xmin>1595</xmin>
			<ymin>350</ymin>
			<xmax>1664</xmax>
			<ymax>407</ymax>
		</bndbox>
	</object>
	<object>
		<name>persimmon</name>
		<pose>Unspecified</pose>
		<truncated>0</truncated>
		<difficult>1</difficult>
		<bndbox>
			<xmin>1624</xmin>
			<ymin>386</ymin>
			<xmax>1707</xmax>
			<ymax>445</ymax>
		</bndbox>
	</object>
	<object>
		<name>persimmon</name>
		<pose>Unspecified</pose>
		<truncated>0</truncated>
		<difficult>1</difficult>
		<bndbox>
			<xmin>1657</xmin>
			<ymin>424</ymin>
			<xmax>1732</xmax>
			<ymax>506</ymax>
		</bndbox>
	</object>
	<object>
		<name>persimmon</name>
		<pose>Unspecified</pose>
		<truncated>0</truncated>
		<difficult>1</difficult>
		<bndbox>
			<xmin>1713</xmin>
			<ymin>403</ymin>
			<xmax>1781</xmax>
			<ymax>488</ymax>
		</bndbox>
	</object>
	<object>
		<name>persimmon</name>
		<pose>Unspecified</pose>
		<truncated>0</truncated>
		<difficult>1</difficult>
		<bndbox>
			<xmin>1739</xmin>
			<ymin>475</ymin>
			<xmax>1808</xmax>
			<ymax>553</ymax>
		</bndbox>
	</object>
	<object>
		<name>persimmon</name>
		<pose>Unspecified</pose>
		<truncated>0</truncated>
		<difficult>1</difficult>
		<bndbox>
			<xmin>1735</xmin>
			<ymin>306</ymin>
			<xmax>1806</xmax>
			<ymax>383</ymax>
		</bndbox>
	</object>
	<object>
		<name>persimmon</name>
		<pose>Unspecified</pose>
		<truncated>0</truncated>
		<difficult>1</difficult>
		<bndbox>
			<xmin>1831</xmin>
			<ymin>238</ymin>
			<xmax>1880</xmax>
			<ymax>304</ymax>
		</bndbox>
	</object>
	<object>
		<name>persimmon</name>
		<pose>Unspecified</pose>
		<truncated>0</truncated>
		<difficult>1</difficult>
		<bndbox>
			<xmin>1910</xmin>
			<ymin>252</ymin>
			<xmax>1986</xmax>
			<ymax>334</ymax>
		</bndbox>
	</object>
	<object>
		<name>persimmon</name>
		<pose>Unspecified</pose>
		<truncated>0</truncated>
		<difficult>1</difficult>
		<bndbox>
			<xmin>1788</xmin>
			<ymin>348</ymin>
			<xmax>1857</xmax>
			<ymax>424</ymax>
		</bndbox>
	</object>
	<object>
		<name>persimmon</name>
		<pose>Unspecified</pose>
		<truncated>0</truncated>
		<difficult>1</difficult>
		<bndbox>
			<xmin>1926</xmin>
			<ymin>480</ymin>
			<xmax>2034</xmax>
			<ymax>590</ymax>
		</bndbox>
	</object>
	<object>
		<name>persimmon</name>
		<pose>Unspecified</pose>
		<truncated>0</truncated>
		<difficult>1</difficult>
		<bndbox>
			<xmin>2248</xmin>
			<ymin>407</ymin>
			<xmax>2339</xmax>
			<ymax>500</ymax>
		</bndbox>
	</object>
	<object>
		<name>persimmon</name>
		<pose>Unspecified</pose>
		<truncated>0</truncated>
		<difficult>1</difficult>
		<bndbox>
			<xmin>2288</xmin>
			<ymin>520</ymin>
			<xmax>2380</xmax>
			<ymax>617</ymax>
		</bndbox>
	</object>
	<object>
		<name>persimmon</name>
		<pose>Unspecified</pose>
		<truncated>0</truncated>
		<difficult>1</difficult>
		<bndbox>
			<xmin>753</xmin>
			<ymin>200</ymin>
			<xmax>859</xmax>
			<ymax>299</ymax>
		</bndbox>
	</object>
	<object>
		<name>persimmon</name>
		<pose>Unspecified</pose>
		<truncated>0</truncated>
		<difficult>1</difficult>
		<bndbox>
			<xmin>1135</xmin>
			<ymin>799</ymin>
			<xmax>1221</xmax>
			<ymax>875</ymax>
		</bndbox>
	</object>
	<object>
		<name>persimmon</name>
		<pose>Unspecified</pose>
		<truncated>0</truncated>
		<difficult>1</difficult>
		<bndbox>
			<xmin>1917</xmin>
			<ymin>684</ymin>
			<xmax>2017</xmax>
			<ymax>766</ymax>
		</bndbox>
	</object>
	<object>
		<name>persimmon</name>
		<pose>Unspecified</pose>
		<truncated>0</truncated>
		<difficult>1</difficult>
		<bndbox>
			<xmin>1924</xmin>
			<ymin>746</ymin>
			<xmax>2014</xmax>
			<ymax>821</ymax>
		</bndbox>
	</object>
	<object>
		<name>persimmon</name>
		<pose>Unspecified</pose>
		<truncated>0</truncated>
		<difficult>1</difficult>
		<bndbox>
			<xmin>2046</xmin>
			<ymin>714</ymin>
			<xmax>2147</xmax>
			<ymax>806</ymax>
		</bndbox>
	</object>
	<object>
		<name>persimmon</name>
		<pose>Unspecified</pose>
		<truncated>0</truncated>
		<difficult>1</difficult>
		<bndbox>
			<xmin>2319</xmin>
			<ymin>1007</ymin>
			<xmax>2397</xmax>
			<ymax>1093</ymax>
		</bndbox>
	</object>
	<object>
		<name>persimmon</name>
		<pose>Unspecified</pose>
		<truncated>0</truncated>
		<difficult>1</difficult>
		<bndbox>
			<xmin>2060</xmin>
			<ymin>940</ymin>
			<xmax>2165</xmax>
			<ymax>1056</ymax>
		</bndbox>
	</object>
	<object>
		<name>persimmon</name>
		<pose>Unspecified</pose>
		<truncated>0</truncated>
		<difficult>1</difficult>
		<bndbox>
			<xmin>2587</xmin>
			<ymin>856</ymin>
			<xmax>2635</xmax>
			<ymax>955</ymax>
		</bndbox>
	</object>
	<object>
		<name>persimmon</name>
		<pose>Unspecified</pose>
		<truncated>0</truncated>
		<difficult>1</difficult>
		<bndbox>
			<xmin>2718</xmin>
			<ymin>1101</ymin>
			<xmax>2796</xmax>
			<ymax>1176</ymax>
		</bndbox>
	</object>
	<object>
		<name>persimmon</name>
		<pose>Unspecified</pose>
		<truncated>0</truncated>
		<difficult>1</difficult>
		<bndbox>
			<xmin>2428</xmin>
			<ymin>1071</ymin>
			<xmax>2531</xmax>
			<ymax>1151</ymax>
		</bndbox>
	</object>
	<object>
		<name>persimmon</name>
		<pose>Unspecified</pose>
		<truncated>0</truncated>
		<difficult>1</difficult>
		<bndbox>
			<xmin>2442</xmin>
			<ymin>1136</ymin>
			<xmax>2555</xmax>
			<ymax>1249</ymax>
		</bndbox>
	</object>
	<object>
		<name>persimmon</name>
		<pose>Unspecified</pose>
		<truncated>0</truncated>
		<difficult>1</difficult>
		<bndbox>
			<xmin>2554</xmin>
			<ymin>1158</ymin>
			<xmax>2647</xmax>
			<ymax>1256</ymax>
		</bndbox>
	</object>
	<object>
		<name>persimmon</name>
		<pose>Unspecified</pose>
		<truncated>0</truncated>
		<difficult>1</difficult>
		<bndbox>
			<xmin>2563</xmin>
			<ymin>1287</ymin>
			<xmax>2665</xmax>
			<ymax>1394</ymax>
		</bndbox>
	</object>
	<object>
		<name>persimmon</name>
		<pose>Unspecified</pose>
		<truncated>0</truncated>
		<difficult>1</difficult>
		<bndbox>
			<xmin>2449</xmin>
			<ymin>1413</ymin>
			<xmax>2557</xmax>
			<ymax>1520</ymax>
		</bndbox>
	</object>
	<object>
		<name>persimmon</name>
		<pose>Unspecified</pose>
		<truncated>0</truncated>
		<difficult>1</difficult>
		<bndbox>
			<xmin>2197</xmin>
			<ymin>1536</ymin>
			<xmax>2340</xmax>
			<ymax>1626</ymax>
		</bndbox>
	</object>
	<object>
		<name>persimmon</name>
		<pose>Unspecified</pose>
		<truncated>0</truncated>
		<difficult>1</difficult>
		<bndbox>
			<xmin>2216</xmin>
			<ymin>1617</ymin>
			<xmax>2335</xmax>
			<ymax>1720</ymax>
		</bndbox>
	</object>
	<object>
		<name>persimmon</name>
		<pose>Unspecified</pose>
		<truncated>0</truncated>
		<difficult>1</difficult>
		<bndbox>
			<xmin>1704</xmin>
			<ymin>1481</ymin>
			<xmax>1805</xmax>
			<ymax>1578</ymax>
		</bndbox>
	</object>
	<object>
		<name>persimmon</name>
		<pose>Unspecified</pose>
		<truncated>0</truncated>
		<difficult>1</difficult>
		<bndbox>
			<xmin>1666</xmin>
			<ymin>1584</ymin>
			<xmax>1770</xmax>
			<ymax>1657</ymax>
		</bndbox>
	</object>
	<object>
		<name>persimmon</name>
		<pose>Unspecified</pose>
		<truncated>0</truncated>
		<difficult>1</difficult>
		<bndbox>
			<xmin>1279</xmin>
			<ymin>1423</ymin>
			<xmax>1361</xmax>
			<ymax>1499</ymax>
		</bndbox>
	</object>
	<object>
		<name>persimmon</name>
		<pose>Unspecified</pose>
		<truncated>0</truncated>
		<difficult>1</difficult>
		<bndbox>
			<xmin>1350</xmin>
			<ymin>1071</ymin>
			<xmax>1407</xmax>
			<ymax>1127</ymax>
		</bndbox>
	</object>
	<object>
		<name>persimmon</name>
		<pose>Unspecified</pose>
		<truncated>0</truncated>
		<difficult>1</difficult>
		<bndbox>
			<xmin>1591</xmin>
			<ymin>1062</ymin>
			<xmax>1666</xmax>
			<ymax>1141</ymax>
		</bndbox>
	</object>
	<object>
		<name>persimmon</name>
		<pose>Unspecified</pose>
		<truncated>0</truncated>
		<difficult>1</difficult>
		<bndbox>
			<xmin>1529</xmin>
			<ymin>1072</ymin>
			<xmax>1596</xmax>
			<ymax>1140</ymax>
		</bndbox>
	</object>
	<object>
		<name>persimmon</name>
		<pose>Unspecified</pose>
		<truncated>0</truncated>
		<difficult>1</difficult>
		<bndbox>
			<xmin>1520</xmin>
			<ymin>1129</ymin>
			<xmax>1603</xmax>
			<ymax>1209</ymax>
		</bndbox>
	</object>
	<object>
		<name>persimmon</name>
		<pose>Unspecified</pose>
		<truncated>0</truncated>
		<difficult>1</difficult>
		<bndbox>
			<xmin>863</xmin>
			<ymin>1254</ymin>
			<xmax>937</xmax>
			<ymax>1311</ymax>
		</bndbox>
	</object>
	<object>
		<name>persimmon</name>
		<pose>Unspecified</pose>
		<truncated>0</truncated>
		<difficult>1</difficult>
		<bndbox>
			<xmin>1014</xmin>
			<ymin>1382</ymin>
			<xmax>1114</xmax>
			<ymax>1462</ymax>
		</bndbox>
	</object>
	<object>
		<name>persimmon</name>
		<pose>Unspecified</pose>
		<truncated>0</truncated>
		<difficult>1</difficult>
		<bndbox>
			<xmin>983</xmin>
			<ymin>1433</ymin>
			<xmax>1090</xmax>
			<ymax>1516</ymax>
		</bndbox>
	</object>
	<object>
		<name>persimmon</name>
		<pose>Unspecified</pose>
		<truncated>0</truncated>
		<difficult>1</difficult>
		<bndbox>
			<xmin>1116</xmin>
			<ymin>1441</ymin>
			<xmax>1211</xmax>
			<ymax>1529</ymax>
		</bndbox>
	</object>
	<object>
		<name>persimmon</name>
		<pose>Unspecified</pose>
		<truncated>0</truncated>
		<difficult>1</difficult>
		<bndbox>
			<xmin>1203</xmin>
			<ymin>1440</ymin>
			<xmax>1289</xmax>
			<ymax>1535</ymax>
		</bndbox>
	</object>
	<object>
		<name>persimmon</name>
		<pose>Unspecified</pose>
		<truncated>0</truncated>
		<difficult>1</difficult>
		<bndbox>
			<xmin>805</xmin>
			<ymin>1366</ymin>
			<xmax>874</xmax>
			<ymax>1444</ymax>
		</bndbox>
	</object>
	<object>
		<name>persimmon</name>
		<pose>Unspecified</pose>
		<truncated>0</truncated>
		<difficult>1</difficult>
		<bndbox>
			<xmin>1021</xmin>
			<ymin>1541</ymin>
			<xmax>1110</xmax>
			<ymax>1587</ymax>
		</bndbox>
	</object>
	<object>
		<name>persimmon</name>
		<pose>Unspecified</pose>
		<truncated>0</truncated>
		<difficult>1</difficult>
		<bndbox>
			<xmin>1401</xmin>
			<ymin>1734</ymin>
			<xmax>1497</xmax>
			<ymax>1829</ymax>
		</bndbox>
	</object>
	<object>
		<name>persimmon</name>
		<pose>Unspecified</pose>
		<truncated>0</truncated>
		<difficult>1</difficult>
		<bndbox>
			<xmin>1463</xmin>
			<ymin>1831</ymin>
			<xmax>1556</xmax>
			<ymax>1918</ymax>
		</bndbox>
	</object>
	<object>
		<name>persimmon</name>
		<pose>Unspecified</pose>
		<truncated>0</truncated>
		<difficult>1</difficult>
		<bndbox>
			<xmin>1519</xmin>
			<ymin>1897</ymin>
			<xmax>1607</xmax>
			<ymax>1977</ymax>
		</bndbox>
	</object>
	<object>
		<name>persimmon</name>
		<pose>Unspecified</pose>
		<truncated>0</truncated>
		<difficult>1</difficult>
		<bndbox>
			<xmin>1546</xmin>
			<ymin>2011</ymin>
			<xmax>1651</xmax>
			<ymax>2118</ymax>
		</bndbox>
	</object>
	<object>
		<name>persimmon</name>
		<pose>Unspecified</pose>
		<truncated>0</truncated>
		<difficult>1</difficult>
		<bndbox>
			<xmin>1661</xmin>
			<ymin>2092</ymin>
			<xmax>1776</xmax>
			<ymax>2198</ymax>
		</bndbox>
	</object>
	<object>
		<name>persimmon</name>
		<pose>Unspecified</pose>
		<truncated>0</truncated>
		<difficult>1</difficult>
		<bndbox>
			<xmin>1712</xmin>
			<ymin>2165</ymin>
			<xmax>1792</xmax>
			<ymax>2243</ymax>
		</bndbox>
	</object>
	<object>
		<name>persimmon</name>
		<pose>Unspecified</pose>
		<truncated>0</truncated>
		<difficult>1</difficult>
		<bndbox>
			<xmin>1832</xmin>
			<ymin>2094</ymin>
			<xmax>1927</xmax>
			<ymax>2191</ymax>
		</bndbox>
	</object>
	<object>
		<name>persimmon</name>
		<pose>Unspecified</pose>
		<truncated>0</truncated>
		<difficult>1</difficult>
		<bndbox>
			<xmin>1390</xmin>
			<ymin>2198</ymin>
			<xmax>1457</xmax>
			<ymax>2257</ymax>
		</bndbox>
	</object>
	<object>
		<name>persimmon</name>
		<pose>Unspecified</pose>
		<truncated>0</truncated>
		<difficult>1</difficult>
		<bndbox>
			<xmin>1832</xmin>
			<ymin>2269</ymin>
			<xmax>1931</xmax>
			<ymax>2367</ymax>
		</bndbox>
	</object>
	<object>
		<name>persimmon</name>
		<pose>Unspecified</pose>
		<truncated>0</truncated>
		<difficult>1</difficult>
		<bndbox>
			<xmin>1390</xmin>
			<ymin>2360</ymin>
			<xmax>1460</xmax>
			<ymax>2426</ymax>
		</bndbox>
	</object>
	<object>
		<name>persimmon</name>
		<pose>Unspecified</pose>
		<truncated>0</truncated>
		<difficult>1</difficult>
		<bndbox>
			<xmin>1303</xmin>
			<ymin>2436</ymin>
			<xmax>1377</xmax>
			<ymax>2504</ymax>
		</bndbox>
	</object>
	<object>
		<name>persimmon</name>
		<pose>Unspecified</pose>
		<truncated>0</truncated>
		<difficult>1</difficult>
		<bndbox>
			<xmin>1375</xmin>
			<ymin>2427</ymin>
			<xmax>1434</xmax>
			<ymax>2501</ymax>
		</bndbox>
	</object>
	<object>
		<name>persimmon</name>
		<pose>Unspecified</pose>
		<truncated>0</truncated>
		<difficult>1</difficult>
		<bndbox>
			<xmin>1397</xmin>
			<ymin>2489</ymin>
			<xmax>1466</xmax>
			<ymax>2549</ymax>
		</bndbox>
	</object>
	<object>
		<name>persimmon</name>
		<pose>Unspecified</pose>
		<truncated>0</truncated>
		<difficult>1</difficult>
		<bndbox>
			<xmin>2819</xmin>
			<ymin>1930</ymin>
			<xmax>2913</xmax>
			<ymax>2014</ymax>
		</bndbox>
	</object>
	<object>
		<name>persimmon</name>
		<pose>Unspecified</pose>
		<truncated>0</truncated>
		<difficult>1</difficult>
		<bndbox>
			<xmin>2813</xmin>
			<ymin>2013</ymin>
			<xmax>2888</xmax>
			<ymax>2090</ymax>
		</bndbox>
	</object>
	<object>
		<name>persimmon</name>
		<pose>Unspecified</pose>
		<truncated>0</truncated>
		<difficult>1</difficult>
		<bndbox>
			<xmin>2423</xmin>
			<ymin>2170</ymin>
			<xmax>2511</xmax>
			<ymax>2268</ymax>
		</bndbox>
	</object>
	<object>
		<name>persimmon</name>
		<pose>Unspecified</pose>
		<truncated>0</truncated>
		<difficult>1</difficult>
		<bndbox>
			<xmin>2340</xmin>
			<ymin>2199</ymin>
			<xmax>2447</xmax>
			<ymax>2314</ymax>
		</bndbox>
	</object>
	<object>
		<name>persimmon</name>
		<pose>Unspecified</pose>
		<truncated>0</truncated>
		<difficult>1</difficult>
		<bndbox>
			<xmin>1856</xmin>
			<ymin>2452</ymin>
			<xmax>1948</xmax>
			<ymax>2542</ymax>
		</bndbox>
	</object>
	<object>
		<name>persimmon</name>
		<pose>Unspecified</pose>
		<truncated>0</truncated>
		<difficult>1</difficult>
		<bndbox>
			<xmin>2025</xmin>
			<ymin>2448</ymin>
			<xmax>2115</xmax>
			<ymax>2550</ymax>
		</bndbox>
	</object>
	<object>
		<name>persimmon</name>
		<pose>Unspecified</pose>
		<truncated>0</truncated>
		<difficult>1</difficult>
		<bndbox>
			<xmin>2324</xmin>
			<ymin>2597</ymin>
			<xmax>2417</xmax>
			<ymax>2693</ymax>
		</bndbox>
	</object>
	<object>
		<name>persimmon</name>
		<pose>Unspecified</pose>
		<truncated>0</truncated>
		<difficult>1</difficult>
		<bndbox>
			<xmin>2550</xmin>
			<ymin>2556</ymin>
			<xmax>2650</xmax>
			<ymax>2663</ymax>
		</bndbox>
	</object>
	<object>
		<name>persimmon</name>
		<pose>Unspecified</pose>
		<truncated>0</truncated>
		<difficult>1</difficult>
		<bndbox>
			<xmin>2582</xmin>
			<ymin>2523</ymin>
			<xmax>2672</xmax>
			<ymax>2602</ymax>
		</bndbox>
	</object>
	<object>
		<name>persimmon</name>
		<pose>Unspecified</pose>
		<truncated>0</truncated>
		<difficult>1</difficult>
		<bndbox>
			<xmin>2651</xmin>
			<ymin>2497</ymin>
			<xmax>2751</xmax>
			<ymax>2596</ymax>
		</bndbox>
	</object>
	<object>
		<name>persimmon</name>
		<pose>Unspecified</pose>
		<truncated>0</truncated>
		<difficult>1</difficult>
		<bndbox>
			<xmin>2746</xmin>
			<ymin>2602</ymin>
			<xmax>2840</xmax>
			<ymax>2698</ymax>
		</bndbox>
	</object>
	<object>
		<name>persimmon</name>
		<pose>Unspecified</pose>
		<truncated>0</truncated>
		<difficult>1</difficult>
		<bndbox>
			<xmin>2582</xmin>
			<ymin>2650</ymin>
			<xmax>2673</xmax>
			<ymax>2737</ymax>
		</bndbox>
	</object>
	<object>
		<name>persimmon</name>
		<pose>Unspecified</pose>
		<truncated>0</truncated>
		<difficult>1</difficult>
		<bndbox>
			<xmin>2699</xmin>
			<ymin>2729</ymin>
			<xmax>2786</xmax>
			<ymax>2821</ymax>
		</bndbox>
	</object>
	<object>
		<name>persimmon</name>
		<pose>Unspecified</pose>
		<truncated>0</truncated>
		<difficult>1</difficult>
		<bndbox>
			<xmin>2470</xmin>
			<ymin>2752</ymin>
			<xmax>2556</xmax>
			<ymax>2842</ymax>
		</bndbox>
	</object>
	<object>
		<name>persimmon</name>
		<pose>Unspecified</pose>
		<truncated>0</truncated>
		<difficult>1</difficult>
		<bndbox>
			<xmin>2498</xmin>
			<ymin>2806</ymin>
			<xmax>2605</xmax>
			<ymax>2889</ymax>
		</bndbox>
	</object>
	<object>
		<name>persimmon</name>
		<pose>Unspecified</pose>
		<truncated>0</truncated>
		<difficult>1</difficult>
		<bndbox>
			<xmin>2543</xmin>
			<ymin>2858</ymin>
			<xmax>2640</xmax>
			<ymax>2956</ymax>
		</bndbox>
	</object>
	<object>
		<name>persimmon</name>
		<pose>Unspecified</pose>
		<truncated>0</truncated>
		<difficult>1</difficult>
		<bndbox>
			<xmin>2711</xmin>
			<ymin>2896</ymin>
			<xmax>2802</xmax>
			<ymax>2981</ymax>
		</bndbox>
	</object>
	<object>
		<name>persimmon</name>
		<pose>Unspecified</pose>
		<truncated>0</truncated>
		<difficult>1</difficult>
		<bndbox>
			<xmin>2603</xmin>
			<ymin>2899</ymin>
			<xmax>2678</xmax>
			<ymax>2982</ymax>
		</bndbox>
	</object>
	<object>
		<name>persimmon</name>
		<pose>Unspecified</pose>
		<truncated>0</truncated>
		<difficult>1</difficult>
		<bndbox>
			<xmin>2413</xmin>
			<ymin>2835</ymin>
			<xmax>2492</xmax>
			<ymax>2933</ymax>
		</bndbox>
	</object>
	<object>
		<name>persimmon</name>
		<pose>Unspecified</pose>
		<truncated>0</truncated>
		<difficult>1</difficult>
		<bndbox>
			<xmin>2330</xmin>
			<ymin>2880</ymin>
			<xmax>2428</xmax>
			<ymax>2979</ymax>
		</bndbox>
	</object>
	<object>
		<name>persimmon</name>
		<pose>Unspecified</pose>
		<truncated>0</truncated>
		<difficult>1</difficult>
		<bndbox>
			<xmin>2637</xmin>
			<ymin>3115</ymin>
			<xmax>2714</xmax>
			<ymax>3205</ymax>
		</bndbox>
	</object>
	<object>
		<name>persimmon</name>
		<pose>Unspecified</pose>
		<truncated>0</truncated>
		<difficult>1</difficult>
		<bndbox>
			<xmin>1802</xmin>
			<ymin>3377</ymin>
			<xmax>1889</xmax>
			<ymax>3468</ymax>
		</bndbox>
	</object>
	<object>
		<name>persimmon</name>
		<pose>Unspecified</pose>
		<truncated>0</truncated>
		<difficult>1</difficult>
		<bndbox>
			<xmin>1473</xmin>
			<ymin>2550</ymin>
			<xmax>1537</xmax>
			<ymax>2614</ymax>
		</bndbox>
	</object>
	<object>
		<name>persimmon</name>
		<pose>Unspecified</pose>
		<truncated>0</truncated>
		<difficult>1</difficult>
		<bndbox>
			<xmin>1558</xmin>
			<ymin>2585</ymin>
			<xmax>1603</xmax>
			<ymax>2643</ymax>
		</bndbox>
	</object>
	<object>
		<name>persimmon</name>
		<pose>Unspecified</pose>
		<truncated>0</truncated>
		<difficult>1</difficult>
		<bndbox>
			<xmin>1323</xmin>
			<ymin>2553</ymin>
			<xmax>1404</xmax>
			<ymax>2637</ymax>
		</bndbox>
	</object>
	<object>
		<name>persimmon</name>
		<pose>Unspecified</pose>
		<truncated>0</truncated>
		<difficult>1</difficult>
		<bndbox>
			<xmin>1261</xmin>
			<ymin>2570</ymin>
			<xmax>1360</xmax>
			<ymax>2660</ymax>
		</bndbox>
	</object>
	<object>
		<name>persimmon</name>
		<pose>Unspecified</pose>
		<truncated>0</truncated>
		<difficult>1</difficult>
		<bndbox>
			<xmin>1535</xmin>
			<ymin>2709</ymin>
			<xmax>1607</xmax>
			<ymax>2776</ymax>
		</bndbox>
	</object>
	<object>
		<name>persimmon</name>
		<pose>Unspecified</pose>
		<truncated>0</truncated>
		<difficult>1</difficult>
		<bndbox>
			<xmin>1423</xmin>
			<ymin>2716</ymin>
			<xmax>1505</xmax>
			<ymax>2791</ymax>
		</bndbox>
	</object>
	<object>
		<name>persimmon</name>
		<pose>Unspecified</pose>
		<truncated>0</truncated>
		<difficult>1</difficult>
		<bndbox>
			<xmin>305</xmin>
			<ymin>2413</ymin>
			<xmax>385</xmax>
			<ymax>2473</ymax>
		</bndbox>
	</object>
	<object>
		<name>persimmon</name>
		<pose>Unspecified</pose>
		<truncated>0</truncated>
		<difficult>1</difficult>
		<bndbox>
			<xmin>944</xmin>
			<ymin>2587</ymin>
			<xmax>1047</xmax>
			<ymax>2684</ymax>
		</bndbox>
	</object>
	<object>
		<name>persimmon</name>
		<pose>Unspecified</pose>
		<truncated>0</truncated>
		<difficult>1</difficult>
		<bndbox>
			<xmin>1056</xmin>
			<ymin>2605</ymin>
			<xmax>1147</xmax>
			<ymax>2695</ymax>
		</bndbox>
	</object>
	<object>
		<name>persimmon</name>
		<pose>Unspecified</pose>
		<truncated>0</truncated>
		<difficult>1</difficult>
		<bndbox>
			<xmin>1102</xmin>
			<ymin>2644</ymin>
			<xmax>1228</xmax>
			<ymax>2763</ymax>
		</bndbox>
	</object>
	<object>
		<name>persimmon</name>
		<pose>Unspecified</pose>
		<truncated>0</truncated>
		<difficult>1</difficult>
		<bndbox>
			<xmin>1237</xmin>
			<ymin>2665</ymin>
			<xmax>1310</xmax>
			<ymax>2748</ymax>
		</bndbox>
	</object>
	<object>
		<name>persimmon</name>
		<pose>Unspecified</pose>
		<truncated>0</truncated>
		<difficult>1</difficult>
		<bndbox>
			<xmin>959</xmin>
			<ymin>2664</ymin>
			<xmax>1072</xmax>
			<ymax>2777</ymax>
		</bndbox>
	</object>
	<object>
		<name>persimmon</name>
		<pose>Unspecified</pose>
		<truncated>0</truncated>
		<difficult>1</difficult>
		<bndbox>
			<xmin>1017</xmin>
			<ymin>2705</ymin>
			<xmax>1145</xmax>
			<ymax>2806</ymax>
		</bndbox>
	</object>
	<object>
		<name>persimmon</name>
		<pose>Unspecified</pose>
		<truncated>0</truncated>
		<difficult>1</difficult>
		<bndbox>
			<xmin>907</xmin>
			<ymin>2795</ymin>
			<xmax>970</xmax>
			<ymax>2867</ymax>
		</bndbox>
	</object>
	<object>
		<name>persimmon</name>
		<pose>Unspecified</pose>
		<truncated>0</truncated>
		<difficult>1</difficult>
		<bndbox>
			<xmin>1570</xmin>
			<ymin>2941</ymin>
			<xmax>1649</xmax>
			<ymax>3022</ymax>
		</bndbox>
	</object>
	<object>
		<name>persimmon</name>
		<pose>Unspecified</pose>
		<truncated>0</truncated>
		<difficult>1</difficult>
		<bndbox>
			<xmin>826</xmin>
			<ymin>2952</ymin>
			<xmax>890</xmax>
			<ymax>3012</ymax>
		</bndbox>
	</object>
	<object>
		<name>persimmon</name>
		<pose>Unspecified</pose>
		<truncated>0</truncated>
		<difficult>1</difficult>
		<bndbox>
			<xmin>559</xmin>
			<ymin>3056</ymin>
			<xmax>645</xmax>
			<ymax>3114</ymax>
		</bndbox>
	</object>
	<object>
		<name>persimmon</name>
		<pose>Unspecified</pose>
		<truncated>0</truncated>
		<difficult>1</difficult>
		<bndbox>
			<xmin>1497</xmin>
			<ymin>3260</ymin>
			<xmax>1580</xmax>
			<ymax>3329</ymax>
		</bndbox>
	</object>
	<object>
		<name>persimmon</name>
		<pose>Unspecified</pose>
		<truncated>0</truncated>
		<difficult>1</difficult>
		<bndbox>
			<xmin>1563</xmin>
			<ymin>3354</ymin>
			<xmax>1661</xmax>
			<ymax>3450</ymax>
		</bndbox>
	</object>
	<object>
		<name>persimmon</name>
		<pose>Unspecified</pose>
		<truncated>0</truncated>
		<difficult>1</difficult>
		<bndbox>
			<xmin>1605</xmin>
			<ymin>3422</ymin>
			<xmax>1702</xmax>
			<ymax>3514</ymax>
		</bndbox>
	</object>
	<object>
		<name>persimmon</name>
		<pose>Unspecified</pose>
		<truncated>1</truncated>
		<difficult>1</difficult>
		<bndbox>
			<xmin>1680</xmin>
			<ymin>3458</ymin>
			<xmax>1765</xmax>
			<ymax>3550</ymax>
		</bndbox>
	</object>
	<object>
		<name>persimmon</name>
		<pose>Unspecified</pose>
		<truncated>0</truncated>
		<difficult>1</difficult>
		<bndbox>
			<xmin>226</xmin>
			<ymin>2433</ymin>
			<xmax>305</xmax>
			<ymax>2480</ymax>
		</bndbox>
	</object>
	<object>
		<name>persimmon</name>
		<pose>Unspecified</pose>
		<truncated>0</truncated>
		<difficult>1</difficult>
		<bndbox>
			<xmin>265</xmin>
			<ymin>2868</ymin>
			<xmax>338</xmax>
			<ymax>2937</ymax>
		</bndbox>
	</object>
	<object>
		<name>persimmon</name>
		<pose>Unspecified</pose>
		<truncated>0</truncated>
		<difficult>1</difficult>
		<bndbox>
			<xmin>254</xmin>
			<ymin>2935</ymin>
			<xmax>333</xmax>
			<ymax>2993</ymax>
		</bndbox>
	</object>
	<object>
		<name>persimmon</name>
		<pose>Unspecified</pose>
		<truncated>0</truncated>
		<difficult>1</difficult>
		<bndbox>
			<xmin>342</xmin>
			<ymin>2983</ymin>
			<xmax>419</xmax>
			<ymax>3045</ymax>
		</bndbox>
	</object>
	<object>
		<name>persimmon</name>
		<pose>Unspecified</pose>
		<truncated>0</truncated>
		<difficult>1</difficult>
		<bndbox>
			<xmin>233</xmin>
			<ymin>2982</ymin>
			<xmax>309</xmax>
			<ymax>3049</ymax>
		</bndbox>
	</object>
	<object>
		<name>persimmon</name>
		<pose>Unspecified</pose>
		<truncated>0</truncated>
		<difficult>1</difficult>
		<bndbox>
			<xmin>714</xmin>
			<ymin>3050</ymin>
			<xmax>771</xmax>
			<ymax>3100</ymax>
		</bndbox>
	</object>
	<object>
		<name>persimmon</name>
		<pose>Unspecified</pose>
		<truncated>0</truncated>
		<difficult>1</difficult>
		<bndbox>
			<xmin>687</xmin>
			<ymin>3084</ymin>
			<xmax>767</xmax>
			<ymax>3155</ymax>
		</bndbox>
	</object>
	<object>
		<name>persimmon</name>
		<pose>Unspecified</pose>
		<truncated>0</truncated>
		<difficult>1</difficult>
		<bndbox>
			<xmin>647</xmin>
			<ymin>3092</ymin>
			<xmax>701</xmax>
			<ymax>3172</ymax>
		</bndbox>
	</object>
	<object>
		<name>persimmon</name>
		<pose>Unspecified</pose>
		<truncated>0</truncated>
		<difficult>1</difficult>
		<bndbox>
			<xmin>933</xmin>
			<ymin>3152</ymin>
			<xmax>1007</xmax>
			<ymax>3223</ymax>
		</bndbox>
	</object>
	<object>
		<name>persimmon</name>
		<pose>Unspecified</pose>
		<truncated>0</truncated>
		<difficult>1</difficult>
		<bndbox>
			<xmin>576</xmin>
			<ymin>3152</ymin>
			<xmax>646</xmax>
			<ymax>3219</ymax>
		</bndbox>
	</object>
	<object>
		<name>persimmon</name>
		<pose>Unspecified</pose>
		<truncated>0</truncated>
		<difficult>1</difficult>
		<bndbox>
			<xmin>861</xmin>
			<ymin>3183</ymin>
			<xmax>935</xmax>
			<ymax>3256</ymax>
		</bndbox>
	</object>
	<object>
		<name>persimmon</name>
		<pose>Unspecified</pose>
		<truncated>0</truncated>
		<difficult>1</difficult>
		<bndbox>
			<xmin>791</xmin>
			<ymin>3196</ymin>
			<xmax>847</xmax>
			<ymax>3266</ymax>
		</bndbox>
	</object>
	<object>
		<name>persimmon</name>
		<pose>Unspecified</pose>
		<truncated>0</truncated>
		<difficult>1</difficult>
		<bndbox>
			<xmin>706</xmin>
			<ymin>3250</ymin>
			<xmax>780</xmax>
			<ymax>3319</ymax>
		</bndbox>
	</object>
	<object>
		<name>persimmon</name>
		<pose>Unspecified</pose>
		<truncated>0</truncated>
		<difficult>1</difficult>
		<bndbox>
			<xmin>922</xmin>
			<ymin>3307</ymin>
			<xmax>996</xmax>
			<ymax>3380</ymax>
		</bndbox>
	</object>
	<object>
		<name>persimmon</name>
		<pose>Unspecified</pose>
		<truncated>0</truncated>
		<difficult>1</difficult>
		<bndbox>
			<xmin>395</xmin>
			<ymin>3142</ymin>
			<xmax>467</xmax>
			<ymax>3213</ymax>
		</bndbox>
	</object>
	<object>
		<name>persimmon</name>
		<pose>Unspecified</pose>
		<truncated>0</truncated>
		<difficult>1</difficult>
		<bndbox>
			<xmin>106</xmin>
			<ymin>3313</ymin>
			<xmax>188</xmax>
			<ymax>3381</ymax>
		</bndbox>
	</object>
</annotation>
