<annotation verified="yes">
	<folder>邱天961-1200</folder>
	<filename>1024.JPEG</filename>
	<path>C:\Users\86155\Desktop\邱天961-1200\1024.JPEG</path>
	<source>
		<database>Unknown</database>
	</source>
	<size>
		<width>2947</width>
		<height>3169</height>
		<depth>3</depth>
	</size>
	<segmented>0</segmented>
	<object>
		<name>persimmon</name>
		<pose>Unspecified</pose>
		<truncated>0</truncated>
		<difficult>1</difficult>
		<bndbox>
			<xmin>1909</xmin>
			<ymin>142</ymin>
			<xmax>2002</xmax>
			<ymax>227</ymax>
		</bndbox>
	</object>
	<object>
		<name>persimmon</name>
		<pose>Unspecified</pose>
		<truncated>0</truncated>
		<difficult>1</difficult>
		<bndbox>
			<xmin>1998</xmin>
			<ymin>242</ymin>
			<xmax>2090</xmax>
			<ymax>331</ymax>
		</bndbox>
	</object>
	<object>
		<name>persimmon</name>
		<pose>Unspecified</pose>
		<truncated>0</truncated>
		<difficult>1</difficult>
		<bndbox>
			<xmin>1873</xmin>
			<ymin>189</ymin>
			<xmax>1973</xmax>
			<ymax>286</ymax>
		</bndbox>
	</object>
	<object>
		<name>persimmon</name>
		<pose>Unspecified</pose>
		<truncated>0</truncated>
		<difficult>1</difficult>
		<bndbox>
			<xmin>1743</xmin>
			<ymin>228</ymin>
			<xmax>1837</xmax>
			<ymax>324</ymax>
		</bndbox>
	</object>
	<object>
		<name>persimmon</name>
		<pose>Unspecified</pose>
		<truncated>0</truncated>
		<difficult>1</difficult>
		<bndbox>
			<xmin>1790</xmin>
			<ymin>296</ymin>
			<xmax>1890</xmax>
			<ymax>389</ymax>
		</bndbox>
	</object>
	<object>
		<name>persimmon</name>
		<pose>Unspecified</pose>
		<truncated>0</truncated>
		<difficult>1</difficult>
		<bndbox>
			<xmin>1858</xmin>
			<ymin>358</ymin>
			<xmax>1945</xmax>
			<ymax>458</ymax>
		</bndbox>
	</object>
	<object>
		<name>persimmon</name>
		<pose>Unspecified</pose>
		<truncated>0</truncated>
		<difficult>1</difficult>
		<bndbox>
			<xmin>2250</xmin>
			<ymin>280</ymin>
			<xmax>2349</xmax>
			<ymax>384</ymax>
		</bndbox>
	</object>
	<object>
		<name>persimmon</name>
		<pose>Unspecified</pose>
		<truncated>0</truncated>
		<difficult>1</difficult>
		<bndbox>
			<xmin>2418</xmin>
			<ymin>306</ymin>
			<xmax>2515</xmax>
			<ymax>396</ymax>
		</bndbox>
	</object>
	<object>
		<name>persimmon</name>
		<pose>Unspecified</pose>
		<truncated>0</truncated>
		<difficult>1</difficult>
		<bndbox>
			<xmin>2412</xmin>
			<ymin>396</ymin>
			<xmax>2518</xmax>
			<ymax>496</ymax>
		</bndbox>
	</object>
	<object>
		<name>persimmon</name>
		<pose>Unspecified</pose>
		<truncated>0</truncated>
		<difficult>1</difficult>
		<bndbox>
			<xmin>808</xmin>
			<ymin>1168</ymin>
			<xmax>906</xmax>
			<ymax>1268</ymax>
		</bndbox>
	</object>
	<object>
		<name>persimmon</name>
		<pose>Unspecified</pose>
		<truncated>0</truncated>
		<difficult>1</difficult>
		<bndbox>
			<xmin>1541</xmin>
			<ymin>1106</ymin>
			<xmax>1640</xmax>
			<ymax>1206</ymax>
		</bndbox>
	</object>
	<object>
		<name>persimmon</name>
		<pose>Unspecified</pose>
		<truncated>0</truncated>
		<difficult>1</difficult>
		<bndbox>
			<xmin>1722</xmin>
			<ymin>792</ymin>
			<xmax>1811</xmax>
			<ymax>887</ymax>
		</bndbox>
	</object>
	<object>
		<name>persimmon</name>
		<pose>Unspecified</pose>
		<truncated>0</truncated>
		<difficult>1</difficult>
		<bndbox>
			<xmin>1700</xmin>
			<ymin>1362</ymin>
			<xmax>1776</xmax>
			<ymax>1424</ymax>
		</bndbox>
	</object>
	<object>
		<name>persimmon</name>
		<pose>Unspecified</pose>
		<truncated>0</truncated>
		<difficult>1</difficult>
		<bndbox>
			<xmin>753</xmin>
			<ymin>1320</ymin>
			<xmax>851</xmax>
			<ymax>1415</ymax>
		</bndbox>
	</object>
	<object>
		<name>persimmon</name>
		<pose>Unspecified</pose>
		<truncated>0</truncated>
		<difficult>1</difficult>
		<bndbox>
			<xmin>828</xmin>
			<ymin>1450</ymin>
			<xmax>945</xmax>
			<ymax>1556</ymax>
		</bndbox>
	</object>
	<object>
		<name>persimmon</name>
		<pose>Unspecified</pose>
		<truncated>0</truncated>
		<difficult>1</difficult>
		<bndbox>
			<xmin>689</xmin>
			<ymin>1485</ymin>
			<xmax>828</xmax>
			<ymax>1630</ymax>
		</bndbox>
	</object>
	<object>
		<name>persimmon</name>
		<pose>Unspecified</pose>
		<truncated>0</truncated>
		<difficult>1</difficult>
		<bndbox>
			<xmin>440</xmin>
			<ymin>1620</ymin>
			<xmax>646</xmax>
			<ymax>1749</ymax>
		</bndbox>
	</object>
	<object>
		<name>persimmon</name>
		<pose>Unspecified</pose>
		<truncated>0</truncated>
		<difficult>1</difficult>
		<bndbox>
			<xmin>880</xmin>
			<ymin>1550</ymin>
			<xmax>1005</xmax>
			<ymax>1682</ymax>
		</bndbox>
	</object>
	<object>
		<name>persimmon</name>
		<pose>Unspecified</pose>
		<truncated>0</truncated>
		<difficult>1</difficult>
		<bndbox>
			<xmin>860</xmin>
			<ymin>1667</ymin>
			<xmax>1011</xmax>
			<ymax>1807</ymax>
		</bndbox>
	</object>
	<object>
		<name>persimmon</name>
		<pose>Unspecified</pose>
		<truncated>0</truncated>
		<difficult>1</difficult>
		<bndbox>
			<xmin>1215</xmin>
			<ymin>1596</ymin>
			<xmax>1319</xmax>
			<ymax>1706</ymax>
		</bndbox>
	</object>
	<object>
		<name>persimmon</name>
		<pose>Unspecified</pose>
		<truncated>0</truncated>
		<difficult>1</difficult>
		<bndbox>
			<xmin>1484</xmin>
			<ymin>1854</ymin>
			<xmax>1601</xmax>
			<ymax>1965</ymax>
		</bndbox>
	</object>
	<object>
		<name>persimmon</name>
		<pose>Unspecified</pose>
		<truncated>0</truncated>
		<difficult>1</difficult>
		<bndbox>
			<xmin>2003</xmin>
			<ymin>1566</ymin>
			<xmax>2103</xmax>
			<ymax>1659</ymax>
		</bndbox>
	</object>
	<object>
		<name>persimmon</name>
		<pose>Unspecified</pose>
		<truncated>0</truncated>
		<difficult>1</difficult>
		<bndbox>
			<xmin>2367</xmin>
			<ymin>1441</ymin>
			<xmax>2506</xmax>
			<ymax>1588</ymax>
		</bndbox>
	</object>
	<object>
		<name>persimmon</name>
		<pose>Unspecified</pose>
		<truncated>0</truncated>
		<difficult>1</difficult>
		<bndbox>
			<xmin>1953</xmin>
			<ymin>1655</ymin>
			<xmax>2065</xmax>
			<ymax>1762</ymax>
		</bndbox>
	</object>
	<object>
		<name>persimmon</name>
		<pose>Unspecified</pose>
		<truncated>0</truncated>
		<difficult>1</difficult>
		<bndbox>
			<xmin>1903</xmin>
			<ymin>1801</ymin>
			<xmax>2040</xmax>
			<ymax>1931</ymax>
		</bndbox>
	</object>
	<object>
		<name>persimmon</name>
		<pose>Unspecified</pose>
		<truncated>0</truncated>
		<difficult>1</difficult>
		<bndbox>
			<xmin>2033</xmin>
			<ymin>1858</ymin>
			<xmax>2121</xmax>
			<ymax>1985</ymax>
		</bndbox>
	</object>
	<object>
		<name>persimmon</name>
		<pose>Unspecified</pose>
		<truncated>0</truncated>
		<difficult>1</difficult>
		<bndbox>
			<xmin>1833</xmin>
			<ymin>1894</ymin>
			<xmax>1970</xmax>
			<ymax>2002</ymax>
		</bndbox>
	</object>
	<object>
		<name>persimmon</name>
		<pose>Unspecified</pose>
		<truncated>0</truncated>
		<difficult>1</difficult>
		<bndbox>
			<xmin>1776</xmin>
			<ymin>1933</ymin>
			<xmax>1889</xmax>
			<ymax>2050</ymax>
		</bndbox>
	</object>
	<object>
		<name>persimmon</name>
		<pose>Unspecified</pose>
		<truncated>0</truncated>
		<difficult>1</difficult>
		<bndbox>
			<xmin>1693</xmin>
			<ymin>1996</ymin>
			<xmax>1802</xmax>
			<ymax>2104</ymax>
		</bndbox>
	</object>
	<object>
		<name>persimmon</name>
		<pose>Unspecified</pose>
		<truncated>0</truncated>
		<difficult>1</difficult>
		<bndbox>
			<xmin>1398</xmin>
			<ymin>1927</ymin>
			<xmax>1507</xmax>
			<ymax>2035</ymax>
		</bndbox>
	</object>
	<object>
		<name>persimmon</name>
		<pose>Unspecified</pose>
		<truncated>0</truncated>
		<difficult>1</difficult>
		<bndbox>
			<xmin>696</xmin>
			<ymin>1811</ymin>
			<xmax>857</xmax>
			<ymax>2012</ymax>
		</bndbox>
	</object>
	<object>
		<name>persimmon</name>
		<pose>Unspecified</pose>
		<truncated>0</truncated>
		<difficult>1</difficult>
		<bndbox>
			<xmin>473</xmin>
			<ymin>2063</ymin>
			<xmax>687</xmax>
			<ymax>2227</ymax>
		</bndbox>
	</object>
	<object>
		<name>persimmon</name>
		<pose>Unspecified</pose>
		<truncated>0</truncated>
		<difficult>1</difficult>
		<bndbox>
			<xmin>1141</xmin>
			<ymin>2191</ymin>
			<xmax>1253</xmax>
			<ymax>2296</ymax>
		</bndbox>
	</object>
	<object>
		<name>persimmon</name>
		<pose>Unspecified</pose>
		<truncated>0</truncated>
		<difficult>1</difficult>
		<bndbox>
			<xmin>698</xmin>
			<ymin>2115</ymin>
			<xmax>834</xmax>
			<ymax>2244</ymax>
		</bndbox>
	</object>
	<object>
		<name>persimmon</name>
		<pose>Unspecified</pose>
		<truncated>0</truncated>
		<difficult>1</difficult>
		<bndbox>
			<xmin>811</xmin>
			<ymin>2067</ymin>
			<xmax>1010</xmax>
			<ymax>2177</ymax>
		</bndbox>
	</object>
	<object>
		<name>persimmon</name>
		<pose>Unspecified</pose>
		<truncated>0</truncated>
		<difficult>1</difficult>
		<bndbox>
			<xmin>1085</xmin>
			<ymin>2314</ymin>
			<xmax>1167</xmax>
			<ymax>2408</ymax>
		</bndbox>
	</object>
	<object>
		<name>persimmon</name>
		<pose>Unspecified</pose>
		<truncated>0</truncated>
		<difficult>1</difficult>
		<bndbox>
			<xmin>914</xmin>
			<ymin>2411</ymin>
			<xmax>1020</xmax>
			<ymax>2504</ymax>
		</bndbox>
	</object>
	<object>
		<name>persimmon</name>
		<pose>Unspecified</pose>
		<truncated>0</truncated>
		<difficult>1</difficult>
		<bndbox>
			<xmin>1082</xmin>
			<ymin>2409</ymin>
			<xmax>1163</xmax>
			<ymax>2478</ymax>
		</bndbox>
	</object>
	<object>
		<name>persimmon</name>
		<pose>Unspecified</pose>
		<truncated>0</truncated>
		<difficult>1</difficult>
		<bndbox>
			<xmin>1331</xmin>
			<ymin>2404</ymin>
			<xmax>1421</xmax>
			<ymax>2445</ymax>
		</bndbox>
	</object>
	<object>
		<name>persimmon</name>
		<pose>Unspecified</pose>
		<truncated>0</truncated>
		<difficult>1</difficult>
		<bndbox>
			<xmin>681</xmin>
			<ymin>2573</ymin>
			<xmax>795</xmax>
			<ymax>2689</ymax>
		</bndbox>
	</object>
	<object>
		<name>persimmon</name>
		<pose>Unspecified</pose>
		<truncated>0</truncated>
		<difficult>1</difficult>
		<bndbox>
			<xmin>1494</xmin>
			<ymin>2634</ymin>
			<xmax>1591</xmax>
			<ymax>2728</ymax>
		</bndbox>
	</object>
	<object>
		<name>persimmon</name>
		<pose>Unspecified</pose>
		<truncated>0</truncated>
		<difficult>1</difficult>
		<bndbox>
			<xmin>1598</xmin>
			<ymin>2628</ymin>
			<xmax>1720</xmax>
			<ymax>2746</ymax>
		</bndbox>
	</object>
	<object>
		<name>persimmon</name>
		<pose>Unspecified</pose>
		<truncated>0</truncated>
		<difficult>1</difficult>
		<bndbox>
			<xmin>1754</xmin>
			<ymin>2630</ymin>
			<xmax>1840</xmax>
			<ymax>2712</ymax>
		</bndbox>
	</object>
	<object>
		<name>persimmon</name>
		<pose>Unspecified</pose>
		<truncated>0</truncated>
		<difficult>1</difficult>
		<bndbox>
			<xmin>1773</xmin>
			<ymin>2708</ymin>
			<xmax>1882</xmax>
			<ymax>2823</ymax>
		</bndbox>
	</object>
	<object>
		<name>persimmon</name>
		<pose>Unspecified</pose>
		<truncated>0</truncated>
		<difficult>1</difficult>
		<bndbox>
			<xmin>1822</xmin>
			<ymin>2773</ymin>
			<xmax>1913</xmax>
			<ymax>2875</ymax>
		</bndbox>
	</object>
	<object>
		<name>persimmon</name>
		<pose>Unspecified</pose>
		<truncated>0</truncated>
		<difficult>1</difficult>
		<bndbox>
			<xmin>1004</xmin>
			<ymin>2631</ymin>
			<xmax>1177</xmax>
			<ymax>2794</ymax>
		</bndbox>
	</object>
	<object>
		<name>persimmon</name>
		<pose>Unspecified</pose>
		<truncated>0</truncated>
		<difficult>1</difficult>
		<bndbox>
			<xmin>952</xmin>
			<ymin>2649</ymin>
			<xmax>1035</xmax>
			<ymax>2778</ymax>
		</bndbox>
	</object>
	<object>
		<name>persimmon</name>
		<pose>Unspecified</pose>
		<truncated>0</truncated>
		<difficult>1</difficult>
		<bndbox>
			<xmin>787</xmin>
			<ymin>2745</ymin>
			<xmax>898</xmax>
			<ymax>2853</ymax>
		</bndbox>
	</object>
	<object>
		<name>persimmon</name>
		<pose>Unspecified</pose>
		<truncated>0</truncated>
		<difficult>1</difficult>
		<bndbox>
			<xmin>871</xmin>
			<ymin>2768</ymin>
			<xmax>1075</xmax>
			<ymax>2949</ymax>
		</bndbox>
	</object>
	<object>
		<name>persimmon</name>
		<pose>Unspecified</pose>
		<truncated>0</truncated>
		<difficult>1</difficult>
		<bndbox>
			<xmin>1032</xmin>
			<ymin>2769</ymin>
			<xmax>1200</xmax>
			<ymax>2942</ymax>
		</bndbox>
	</object>
	<object>
		<name>persimmon</name>
		<pose>Unspecified</pose>
		<truncated>0</truncated>
		<difficult>1</difficult>
		<bndbox>
			<xmin>744</xmin>
			<ymin>2884</ymin>
			<xmax>935</xmax>
			<ymax>3094</ymax>
		</bndbox>
	</object>
	<object>
		<name>persimmon</name>
		<pose>Unspecified</pose>
		<truncated>0</truncated>
		<difficult>1</difficult>
		<bndbox>
			<xmin>903</xmin>
			<ymin>2948</ymin>
			<xmax>1091</xmax>
			<ymax>3113</ymax>
		</bndbox>
	</object>
	<object>
		<name>persimmon</name>
		<pose>Unspecified</pose>
		<truncated>0</truncated>
		<difficult>1</difficult>
		<bndbox>
			<xmin>1150</xmin>
			<ymin>2931</ymin>
			<xmax>1257</xmax>
			<ymax>3026</ymax>
		</bndbox>
	</object>
	<object>
		<name>persimmon</name>
		<pose>Unspecified</pose>
		<truncated>0</truncated>
		<difficult>1</difficult>
		<bndbox>
			<xmin>1014</xmin>
			<ymin>3035</ymin>
			<xmax>1105</xmax>
			<ymax>3127</ymax>
		</bndbox>
	</object>
	<object>
		<name>persimmon</name>
		<pose>Unspecified</pose>
		<truncated>0</truncated>
		<difficult>1</difficult>
		<bndbox>
			<xmin>1181</xmin>
			<ymin>3023</ymin>
			<xmax>1272</xmax>
			<ymax>3116</ymax>
		</bndbox>
	</object>
	<object>
		<name>persimmon</name>
		<pose>Unspecified</pose>
		<truncated>0</truncated>
		<difficult>1</difficult>
		<bndbox>
			<xmin>1331</xmin>
			<ymin>3036</ymin>
			<xmax>1440</xmax>
			<ymax>3136</ymax>
		</bndbox>
	</object>
	<object>
		<name>persimmon</name>
		<pose>Unspecified</pose>
		<truncated>0</truncated>
		<difficult>1</difficult>
		<bndbox>
			<xmin>2781</xmin>
			<ymin>2353</ymin>
			<xmax>2873</xmax>
			<ymax>2439</ymax>
		</bndbox>
	</object>
	<object>
		<name>persimmon</name>
		<pose>Unspecified</pose>
		<truncated>0</truncated>
		<difficult>1</difficult>
		<bndbox>
			<xmin>2440</xmin>
			<ymin>2452</ymin>
			<xmax>2539</xmax>
			<ymax>2549</ymax>
		</bndbox>
	</object>
	<object>
		<name>persimmon</name>
		<pose>Unspecified</pose>
		<truncated>0</truncated>
		<difficult>1</difficult>
		<bndbox>
			<xmin>2305</xmin>
			<ymin>2653</ymin>
			<xmax>2399</xmax>
			<ymax>2749</ymax>
		</bndbox>
	</object>
	<object>
		<name>persimmon</name>
		<pose>Unspecified</pose>
		<truncated>0</truncated>
		<difficult>1</difficult>
		<bndbox>
			<xmin>2473</xmin>
			<ymin>2920</ymin>
			<xmax>2548</xmax>
			<ymax>3014</ymax>
		</bndbox>
	</object>
	<object>
		<name>persimmon</name>
		<pose>Unspecified</pose>
		<truncated>0</truncated>
		<difficult>1</difficult>
		<bndbox>
			<xmin>2543</xmin>
			<ymin>2895</ymin>
			<xmax>2617</xmax>
			<ymax>2989</ymax>
		</bndbox>
	</object>
	<object>
		<name>persimmon</name>
		<pose>Unspecified</pose>
		<truncated>0</truncated>
		<difficult>1</difficult>
		<bndbox>
			<xmin>2545</xmin>
			<ymin>2970</ymin>
			<xmax>2624</xmax>
			<ymax>3031</ymax>
		</bndbox>
	</object>
	<object>
		<name>persimmon</name>
		<pose>Unspecified</pose>
		<truncated>0</truncated>
		<difficult>1</difficult>
		<bndbox>
			<xmin>2834</xmin>
			<ymin>2992</ymin>
			<xmax>2918</xmax>
			<ymax>3089</ymax>
		</bndbox>
	</object>
	<object>
		<name>persimmon</name>
		<pose>Unspecified</pose>
		<truncated>1</truncated>
		<difficult>1</difficult>
		<bndbox>
			<xmin>2714</xmin>
			<ymin>3068</ymin>
			<xmax>2815</xmax>
			<ymax>3169</ymax>
		</bndbox>
	</object>
</annotation>
