<annotation verified="yes">
	<folder>邱天961-1200</folder>
	<filename>1029.JPEG</filename>
	<path>C:\Users\86155\Desktop\邱天961-1200\1029.JPEG</path>
	<source>
		<database>Unknown</database>
	</source>
	<size>
		<width>2987</width>
		<height>3194</height>
		<depth>3</depth>
	</size>
	<segmented>0</segmented>
	<object>
		<name>persimmon</name>
		<pose>Unspecified</pose>
		<truncated>0</truncated>
		<difficult>1</difficult>
		<bndbox>
			<xmin>463</xmin>
			<ymin>172</ymin>
			<xmax>588</xmax>
			<ymax>284</ymax>
		</bndbox>
	</object>
	<object>
		<name>persimmon</name>
		<pose>Unspecified</pose>
		<truncated>0</truncated>
		<difficult>1</difficult>
		<bndbox>
			<xmin>1306</xmin>
			<ymin>42</ymin>
			<xmax>1421</xmax>
			<ymax>151</ymax>
		</bndbox>
	</object>
	<object>
		<name>persimmon</name>
		<pose>Unspecified</pose>
		<truncated>0</truncated>
		<difficult>1</difficult>
		<bndbox>
			<xmin>1720</xmin>
			<ymin>165</ymin>
			<xmax>1817</xmax>
			<ymax>255</ymax>
		</bndbox>
	</object>
	<object>
		<name>persimmon</name>
		<pose>Unspecified</pose>
		<truncated>0</truncated>
		<difficult>1</difficult>
		<bndbox>
			<xmin>2011</xmin>
			<ymin>17</ymin>
			<xmax>2120</xmax>
			<ymax>128</ymax>
		</bndbox>
	</object>
	<object>
		<name>persimmon</name>
		<pose>Unspecified</pose>
		<truncated>0</truncated>
		<difficult>1</difficult>
		<bndbox>
			<xmin>1475</xmin>
			<ymin>803</ymin>
			<xmax>1557</xmax>
			<ymax>889</ymax>
		</bndbox>
	</object>
	<object>
		<name>persimmon</name>
		<pose>Unspecified</pose>
		<truncated>0</truncated>
		<difficult>1</difficult>
		<bndbox>
			<xmin>1569</xmin>
			<ymin>968</ymin>
			<xmax>1643</xmax>
			<ymax>1044</ymax>
		</bndbox>
	</object>
	<object>
		<name>persimmon</name>
		<pose>Unspecified</pose>
		<truncated>0</truncated>
		<difficult>1</difficult>
		<bndbox>
			<xmin>1542</xmin>
			<ymin>1023</ymin>
			<xmax>1627</xmax>
			<ymax>1101</ymax>
		</bndbox>
	</object>
	<object>
		<name>persimmon</name>
		<pose>Unspecified</pose>
		<truncated>0</truncated>
		<difficult>1</difficult>
		<bndbox>
			<xmin>1622</xmin>
			<ymin>1090</ymin>
			<xmax>1682</xmax>
			<ymax>1171</ymax>
		</bndbox>
	</object>
	<object>
		<name>persimmon</name>
		<pose>Unspecified</pose>
		<truncated>0</truncated>
		<difficult>1</difficult>
		<bndbox>
			<xmin>1522</xmin>
			<ymin>1082</ymin>
			<xmax>1616</xmax>
			<ymax>1180</ymax>
		</bndbox>
	</object>
	<object>
		<name>persimmon</name>
		<pose>Unspecified</pose>
		<truncated>0</truncated>
		<difficult>1</difficult>
		<bndbox>
			<xmin>1606</xmin>
			<ymin>1221</ymin>
			<xmax>1684</xmax>
			<ymax>1311</ymax>
		</bndbox>
	</object>
	<object>
		<name>persimmon</name>
		<pose>Unspecified</pose>
		<truncated>0</truncated>
		<difficult>1</difficult>
		<bndbox>
			<xmin>1722</xmin>
			<ymin>1471</ymin>
			<xmax>1829</xmax>
			<ymax>1574</ymax>
		</bndbox>
	</object>
	<object>
		<name>persimmon</name>
		<pose>Unspecified</pose>
		<truncated>0</truncated>
		<difficult>1</difficult>
		<bndbox>
			<xmin>1991</xmin>
			<ymin>1597</ymin>
			<xmax>2087</xmax>
			<ymax>1691</ymax>
		</bndbox>
	</object>
	<object>
		<name>persimmon</name>
		<pose>Unspecified</pose>
		<truncated>0</truncated>
		<difficult>1</difficult>
		<bndbox>
			<xmin>2292</xmin>
			<ymin>1696</ymin>
			<xmax>2403</xmax>
			<ymax>1806</ymax>
		</bndbox>
	</object>
	<object>
		<name>persimmon</name>
		<pose>Unspecified</pose>
		<truncated>0</truncated>
		<difficult>1</difficult>
		<bndbox>
			<xmin>1862</xmin>
			<ymin>1701</ymin>
			<xmax>2001</xmax>
			<ymax>1811</ymax>
		</bndbox>
	</object>
	<object>
		<name>persimmon</name>
		<pose>Unspecified</pose>
		<truncated>0</truncated>
		<difficult>1</difficult>
		<bndbox>
			<xmin>2012</xmin>
			<ymin>1738</ymin>
			<xmax>2075</xmax>
			<ymax>1834</ymax>
		</bndbox>
	</object>
	<object>
		<name>persimmon</name>
		<pose>Unspecified</pose>
		<truncated>0</truncated>
		<difficult>1</difficult>
		<bndbox>
			<xmin>2501</xmin>
			<ymin>1947</ymin>
			<xmax>2579</xmax>
			<ymax>2025</ymax>
		</bndbox>
	</object>
	<object>
		<name>persimmon</name>
		<pose>Unspecified</pose>
		<truncated>0</truncated>
		<difficult>1</difficult>
		<bndbox>
			<xmin>703</xmin>
			<ymin>1116</ymin>
			<xmax>801</xmax>
			<ymax>1199</ymax>
		</bndbox>
	</object>
	<object>
		<name>persimmon</name>
		<pose>Unspecified</pose>
		<truncated>0</truncated>
		<difficult>1</difficult>
		<bndbox>
			<xmin>772</xmin>
			<ymin>1156</ymin>
			<xmax>873</xmax>
			<ymax>1262</ymax>
		</bndbox>
	</object>
	<object>
		<name>persimmon</name>
		<pose>Unspecified</pose>
		<truncated>0</truncated>
		<difficult>1</difficult>
		<bndbox>
			<xmin>722</xmin>
			<ymin>1232</ymin>
			<xmax>834</xmax>
			<ymax>1328</ymax>
		</bndbox>
	</object>
	<object>
		<name>persimmon</name>
		<pose>Unspecified</pose>
		<truncated>0</truncated>
		<difficult>1</difficult>
		<bndbox>
			<xmin>804</xmin>
			<ymin>1297</ymin>
			<xmax>896</xmax>
			<ymax>1393</ymax>
		</bndbox>
	</object>
	<object>
		<name>persimmon</name>
		<pose>Unspecified</pose>
		<truncated>0</truncated>
		<difficult>1</difficult>
		<bndbox>
			<xmin>420</xmin>
			<ymin>1336</ymin>
			<xmax>587</xmax>
			<ymax>1466</ymax>
		</bndbox>
	</object>
	<object>
		<name>persimmon</name>
		<pose>Unspecified</pose>
		<truncated>0</truncated>
		<difficult>1</difficult>
		<bndbox>
			<xmin>593</xmin>
			<ymin>1412</ymin>
			<xmax>669</xmax>
			<ymax>1499</ymax>
		</bndbox>
	</object>
	<object>
		<name>persimmon</name>
		<pose>Unspecified</pose>
		<truncated>0</truncated>
		<difficult>1</difficult>
		<bndbox>
			<xmin>460</xmin>
			<ymin>1465</ymin>
			<xmax>574</xmax>
			<ymax>1539</ymax>
		</bndbox>
	</object>
	<object>
		<name>persimmon</name>
		<pose>Unspecified</pose>
		<truncated>0</truncated>
		<difficult>1</difficult>
		<bndbox>
			<xmin>544</xmin>
			<ymin>1511</ymin>
			<xmax>622</xmax>
			<ymax>1607</ymax>
		</bndbox>
	</object>
	<object>
		<name>persimmon</name>
		<pose>Unspecified</pose>
		<truncated>0</truncated>
		<difficult>1</difficult>
		<bndbox>
			<xmin>601</xmin>
			<ymin>1503</ymin>
			<xmax>745</xmax>
			<ymax>1638</ymax>
		</bndbox>
	</object>
	<object>
		<name>persimmon</name>
		<pose>Unspecified</pose>
		<truncated>0</truncated>
		<difficult>1</difficult>
		<bndbox>
			<xmin>721</xmin>
			<ymin>1530</ymin>
			<xmax>808</xmax>
			<ymax>1664</ymax>
		</bndbox>
	</object>
	<object>
		<name>persimmon</name>
		<pose>Unspecified</pose>
		<truncated>0</truncated>
		<difficult>1</difficult>
		<bndbox>
			<xmin>529</xmin>
			<ymin>1606</ymin>
			<xmax>671</xmax>
			<ymax>1754</ymax>
		</bndbox>
	</object>
	<object>
		<name>persimmon</name>
		<pose>Unspecified</pose>
		<truncated>0</truncated>
		<difficult>1</difficult>
		<bndbox>
			<xmin>151</xmin>
			<ymin>1396</ymin>
			<xmax>285</xmax>
			<ymax>1501</ymax>
		</bndbox>
	</object>
	<object>
		<name>persimmon</name>
		<pose>Unspecified</pose>
		<truncated>0</truncated>
		<difficult>1</difficult>
		<bndbox>
			<xmin>17</xmin>
			<ymin>1480</ymin>
			<xmax>153</xmax>
			<ymax>1570</ymax>
		</bndbox>
	</object>
	<object>
		<name>persimmon</name>
		<pose>Unspecified</pose>
		<truncated>0</truncated>
		<difficult>1</difficult>
		<bndbox>
			<xmin>1356</xmin>
			<ymin>1782</ymin>
			<xmax>1484</xmax>
			<ymax>1945</ymax>
		</bndbox>
	</object>
	<object>
		<name>persimmon</name>
		<pose>Unspecified</pose>
		<truncated>0</truncated>
		<difficult>1</difficult>
		<bndbox>
			<xmin>1116</xmin>
			<ymin>1761</ymin>
			<xmax>1216</xmax>
			<ymax>1889</ymax>
		</bndbox>
	</object>
	<object>
		<name>persimmon</name>
		<pose>Unspecified</pose>
		<truncated>0</truncated>
		<difficult>1</difficult>
		<bndbox>
			<xmin>1207</xmin>
			<ymin>1790</ymin>
			<xmax>1346</xmax>
			<ymax>1947</ymax>
		</bndbox>
	</object>
	<object>
		<name>persimmon</name>
		<pose>Unspecified</pose>
		<truncated>0</truncated>
		<difficult>1</difficult>
		<bndbox>
			<xmin>1062</xmin>
			<ymin>1967</ymin>
			<xmax>1159</xmax>
			<ymax>2063</ymax>
		</bndbox>
	</object>
	<object>
		<name>persimmon</name>
		<pose>Unspecified</pose>
		<truncated>0</truncated>
		<difficult>1</difficult>
		<bndbox>
			<xmin>394</xmin>
			<ymin>2028</ymin>
			<xmax>514</xmax>
			<ymax>2144</ymax>
		</bndbox>
	</object>
	<object>
		<name>persimmon</name>
		<pose>Unspecified</pose>
		<truncated>0</truncated>
		<difficult>1</difficult>
		<bndbox>
			<xmin>401</xmin>
			<ymin>2131</ymin>
			<xmax>549</xmax>
			<ymax>2256</ymax>
		</bndbox>
	</object>
	<object>
		<name>persimmon</name>
		<pose>Unspecified</pose>
		<truncated>0</truncated>
		<difficult>1</difficult>
		<bndbox>
			<xmin>1010</xmin>
			<ymin>2087</ymin>
			<xmax>1167</xmax>
			<ymax>2250</ymax>
		</bndbox>
	</object>
	<object>
		<name>persimmon</name>
		<pose>Unspecified</pose>
		<truncated>0</truncated>
		<difficult>1</difficult>
		<bndbox>
			<xmin>1151</xmin>
			<ymin>2200</ymin>
			<xmax>1274</xmax>
			<ymax>2324</ymax>
		</bndbox>
	</object>
	<object>
		<name>persimmon</name>
		<pose>Unspecified</pose>
		<truncated>0</truncated>
		<difficult>1</difficult>
		<bndbox>
			<xmin>914</xmin>
			<ymin>2322</ymin>
			<xmax>1048</xmax>
			<ymax>2458</ymax>
		</bndbox>
	</object>
	<object>
		<name>persimmon</name>
		<pose>Unspecified</pose>
		<truncated>0</truncated>
		<difficult>1</difficult>
		<bndbox>
			<xmin>1077</xmin>
			<ymin>2416</ymin>
			<xmax>1165</xmax>
			<ymax>2516</ymax>
		</bndbox>
	</object>
	<object>
		<name>persimmon</name>
		<pose>Unspecified</pose>
		<truncated>0</truncated>
		<difficult>1</difficult>
		<bndbox>
			<xmin>812</xmin>
			<ymin>2518</ymin>
			<xmax>935</xmax>
			<ymax>2648</ymax>
		</bndbox>
	</object>
	<object>
		<name>persimmon</name>
		<pose>Unspecified</pose>
		<truncated>0</truncated>
		<difficult>1</difficult>
		<bndbox>
			<xmin>902</xmin>
			<ymin>2509</ymin>
			<xmax>1009</xmax>
			<ymax>2642</ymax>
		</bndbox>
	</object>
	<object>
		<name>persimmon</name>
		<pose>Unspecified</pose>
		<truncated>0</truncated>
		<difficult>1</difficult>
		<bndbox>
			<xmin>962</xmin>
			<ymin>2495</ymin>
			<xmax>1042</xmax>
			<ymax>2585</ymax>
		</bndbox>
	</object>
	<object>
		<name>persimmon</name>
		<pose>Unspecified</pose>
		<truncated>0</truncated>
		<difficult>1</difficult>
		<bndbox>
			<xmin>1057</xmin>
			<ymin>2567</ymin>
			<xmax>1174</xmax>
			<ymax>2682</ymax>
		</bndbox>
	</object>
	<object>
		<name>persimmon</name>
		<pose>Unspecified</pose>
		<truncated>0</truncated>
		<difficult>1</difficult>
		<bndbox>
			<xmin>201</xmin>
			<ymin>2808</ymin>
			<xmax>342</xmax>
			<ymax>2919</ymax>
		</bndbox>
	</object>
	<object>
		<name>persimmon</name>
		<pose>Unspecified</pose>
		<truncated>0</truncated>
		<difficult>1</difficult>
		<bndbox>
			<xmin>319</xmin>
			<ymin>2861</ymin>
			<xmax>438</xmax>
			<ymax>3000</ymax>
		</bndbox>
	</object>
	<object>
		<name>persimmon</name>
		<pose>Unspecified</pose>
		<truncated>0</truncated>
		<difficult>1</difficult>
		<bndbox>
			<xmin>178</xmin>
			<ymin>2913</ymin>
			<xmax>329</xmax>
			<ymax>3027</ymax>
		</bndbox>
	</object>
	<object>
		<name>persimmon</name>
		<pose>Unspecified</pose>
		<truncated>0</truncated>
		<difficult>1</difficult>
		<bndbox>
			<xmin>912</xmin>
			<ymin>3051</ymin>
			<xmax>1028</xmax>
			<ymax>3171</ymax>
		</bndbox>
	</object>
	<object>
		<name>persimmon</name>
		<pose>Unspecified</pose>
		<truncated>0</truncated>
		<difficult>1</difficult>
		<bndbox>
			<xmin>2007</xmin>
			<ymin>1835</ymin>
			<xmax>2093</xmax>
			<ymax>1912</ymax>
		</bndbox>
	</object>
	<object>
		<name>persimmon</name>
		<pose>Unspecified</pose>
		<truncated>0</truncated>
		<difficult>1</difficult>
		<bndbox>
			<xmin>2105</xmin>
			<ymin>1840</ymin>
			<xmax>2206</xmax>
			<ymax>1942</ymax>
		</bndbox>
	</object>
	<object>
		<name>persimmon</name>
		<pose>Unspecified</pose>
		<truncated>0</truncated>
		<difficult>1</difficult>
		<bndbox>
			<xmin>2197</xmin>
			<ymin>1862</ymin>
			<xmax>2261</xmax>
			<ymax>1971</ymax>
		</bndbox>
	</object>
	<object>
		<name>persimmon</name>
		<pose>Unspecified</pose>
		<truncated>0</truncated>
		<difficult>1</difficult>
		<bndbox>
			<xmin>2269</xmin>
			<ymin>1958</ymin>
			<xmax>2350</xmax>
			<ymax>2039</ymax>
		</bndbox>
	</object>
	<object>
		<name>persimmon</name>
		<pose>Unspecified</pose>
		<truncated>0</truncated>
		<difficult>1</difficult>
		<bndbox>
			<xmin>1937</xmin>
			<ymin>1900</ymin>
			<xmax>2046</xmax>
			<ymax>2003</ymax>
		</bndbox>
	</object>
	<object>
		<name>persimmon</name>
		<pose>Unspecified</pose>
		<truncated>0</truncated>
		<difficult>1</difficult>
		<bndbox>
			<xmin>1868</xmin>
			<ymin>1951</ymin>
			<xmax>1962</xmax>
			<ymax>2050</ymax>
		</bndbox>
	</object>
	<object>
		<name>persimmon</name>
		<pose>Unspecified</pose>
		<truncated>0</truncated>
		<difficult>1</difficult>
		<bndbox>
			<xmin>2059</xmin>
			<ymin>1958</ymin>
			<xmax>2129</xmax>
			<ymax>2051</ymax>
		</bndbox>
	</object>
	<object>
		<name>persimmon</name>
		<pose>Unspecified</pose>
		<truncated>0</truncated>
		<difficult>1</difficult>
		<bndbox>
			<xmin>2116</xmin>
			<ymin>1942</ymin>
			<xmax>2204</xmax>
			<ymax>2037</ymax>
		</bndbox>
	</object>
	<object>
		<name>persimmon</name>
		<pose>Unspecified</pose>
		<truncated>0</truncated>
		<difficult>1</difficult>
		<bndbox>
			<xmin>1723</xmin>
			<ymin>2139</ymin>
			<xmax>1875</xmax>
			<ymax>2288</ymax>
		</bndbox>
	</object>
	<object>
		<name>persimmon</name>
		<pose>Unspecified</pose>
		<truncated>0</truncated>
		<difficult>1</difficult>
		<bndbox>
			<xmin>1823</xmin>
			<ymin>2083</ymin>
			<xmax>1918</xmax>
			<ymax>2217</ymax>
		</bndbox>
	</object>
	<object>
		<name>persimmon</name>
		<pose>Unspecified</pose>
		<truncated>0</truncated>
		<difficult>1</difficult>
		<bndbox>
			<xmin>1900</xmin>
			<ymin>2079</ymin>
			<xmax>2027</xmax>
			<ymax>2207</ymax>
		</bndbox>
	</object>
	<object>
		<name>persimmon</name>
		<pose>Unspecified</pose>
		<truncated>0</truncated>
		<difficult>1</difficult>
		<bndbox>
			<xmin>2016</xmin>
			<ymin>2061</ymin>
			<xmax>2102</xmax>
			<ymax>2158</ymax>
		</bndbox>
	</object>
	<object>
		<name>persimmon</name>
		<pose>Unspecified</pose>
		<truncated>0</truncated>
		<difficult>1</difficult>
		<bndbox>
			<xmin>2245</xmin>
			<ymin>2127</ymin>
			<xmax>2382</xmax>
			<ymax>2261</ymax>
		</bndbox>
	</object>
	<object>
		<name>persimmon</name>
		<pose>Unspecified</pose>
		<truncated>0</truncated>
		<difficult>1</difficult>
		<bndbox>
			<xmin>2208</xmin>
			<ymin>2200</ymin>
			<xmax>2332</xmax>
			<ymax>2310</ymax>
		</bndbox>
	</object>
	<object>
		<name>persimmon</name>
		<pose>Unspecified</pose>
		<truncated>0</truncated>
		<difficult>1</difficult>
		<bndbox>
			<xmin>2096</xmin>
			<ymin>2327</ymin>
			<xmax>2173</xmax>
			<ymax>2411</ymax>
		</bndbox>
	</object>
	<object>
		<name>persimmon</name>
		<pose>Unspecified</pose>
		<truncated>0</truncated>
		<difficult>1</difficult>
		<bndbox>
			<xmin>2130</xmin>
			<ymin>2443</ymin>
			<xmax>2213</xmax>
			<ymax>2527</ymax>
		</bndbox>
	</object>
	<object>
		<name>persimmon</name>
		<pose>Unspecified</pose>
		<truncated>0</truncated>
		<difficult>1</difficult>
		<bndbox>
			<xmin>2222</xmin>
			<ymin>2450</ymin>
			<xmax>2288</xmax>
			<ymax>2505</ymax>
		</bndbox>
	</object>
	<object>
		<name>persimmon</name>
		<pose>Unspecified</pose>
		<truncated>0</truncated>
		<difficult>1</difficult>
		<bndbox>
			<xmin>2292</xmin>
			<ymin>2483</ymin>
			<xmax>2343</xmax>
			<ymax>2547</ymax>
		</bndbox>
	</object>
	<object>
		<name>persimmon</name>
		<pose>Unspecified</pose>
		<truncated>0</truncated>
		<difficult>1</difficult>
		<bndbox>
			<xmin>2277</xmin>
			<ymin>2406</ymin>
			<xmax>2358</xmax>
			<ymax>2489</ymax>
		</bndbox>
	</object>
	<object>
		<name>persimmon</name>
		<pose>Unspecified</pose>
		<truncated>0</truncated>
		<difficult>1</difficult>
		<bndbox>
			<xmin>2408</xmin>
			<ymin>2450</ymin>
			<xmax>2516</xmax>
			<ymax>2558</ymax>
		</bndbox>
	</object>
	<object>
		<name>persimmon</name>
		<pose>Unspecified</pose>
		<truncated>0</truncated>
		<difficult>1</difficult>
		<bndbox>
			<xmin>2342</xmin>
			<ymin>2521</ymin>
			<xmax>2407</xmax>
			<ymax>2582</ymax>
		</bndbox>
	</object>
	<object>
		<name>persimmon</name>
		<pose>Unspecified</pose>
		<truncated>0</truncated>
		<difficult>1</difficult>
		<bndbox>
			<xmin>2402</xmin>
			<ymin>2541</ymin>
			<xmax>2471</xmax>
			<ymax>2612</ymax>
		</bndbox>
	</object>
	<object>
		<name>persimmon</name>
		<pose>Unspecified</pose>
		<truncated>0</truncated>
		<difficult>1</difficult>
		<bndbox>
			<xmin>2292</xmin>
			<ymin>2304</ymin>
			<xmax>2407</xmax>
			<ymax>2421</ymax>
		</bndbox>
	</object>
	<object>
		<name>persimmon</name>
		<pose>Unspecified</pose>
		<truncated>0</truncated>
		<difficult>1</difficult>
		<bndbox>
			<xmin>2413</xmin>
			<ymin>2300</ymin>
			<xmax>2527</xmax>
			<ymax>2404</ymax>
		</bndbox>
	</object>
	<object>
		<name>persimmon</name>
		<pose>Unspecified</pose>
		<truncated>0</truncated>
		<difficult>1</difficult>
		<bndbox>
			<xmin>2533</xmin>
			<ymin>2155</ymin>
			<xmax>2643</xmax>
			<ymax>2229</ymax>
		</bndbox>
	</object>
	<object>
		<name>persimmon</name>
		<pose>Unspecified</pose>
		<truncated>0</truncated>
		<difficult>1</difficult>
		<bndbox>
			<xmin>2571</xmin>
			<ymin>2228</ymin>
			<xmax>2654</xmax>
			<ymax>2323</ymax>
		</bndbox>
	</object>
	<object>
		<name>persimmon</name>
		<pose>Unspecified</pose>
		<truncated>0</truncated>
		<difficult>1</difficult>
		<bndbox>
			<xmin>2754</xmin>
			<ymin>2123</ymin>
			<xmax>2854</xmax>
			<ymax>2212</ymax>
		</bndbox>
	</object>
	<object>
		<name>persimmon</name>
		<pose>Unspecified</pose>
		<truncated>0</truncated>
		<difficult>1</difficult>
		<bndbox>
			<xmin>2845</xmin>
			<ymin>1926</ymin>
			<xmax>2943</xmax>
			<ymax>2024</ymax>
		</bndbox>
	</object>
</annotation>
