<annotation>
	<folder>邱天961-1200</folder>
	<filename>1039.JPEG</filename>
	<path>C:\Users\86155\Desktop\邱天961-1200\1039.JPEG</path>
	<source>
		<database>Unknown</database>
	</source>
	<size>
		<width>1816</width>
		<height>3350</height>
		<depth>3</depth>
	</size>
	<segmented>0</segmented>
	<object>
		<name>persimmon</name>
		<pose>Unspecified</pose>
		<truncated>0</truncated>
		<difficult>1</difficult>
		<bndbox>
			<xmin>1115</xmin>
			<ymin>8</ymin>
			<xmax>1212</xmax>
			<ymax>103</ymax>
		</bndbox>
	</object>
	<object>
		<name>persimmon</name>
		<pose>Unspecified</pose>
		<truncated>0</truncated>
		<difficult>1</difficult>
		<bndbox>
			<xmin>1331</xmin>
			<ymin>136</ymin>
			<xmax>1416</xmax>
			<ymax>210</ymax>
		</bndbox>
	</object>
	<object>
		<name>persimmon</name>
		<pose>Unspecified</pose>
		<truncated>0</truncated>
		<difficult>1</difficult>
		<bndbox>
			<xmin>1196</xmin>
			<ymin>495</ymin>
			<xmax>1278</xmax>
			<ymax>574</ymax>
		</bndbox>
	</object>
	<object>
		<name>persimmon</name>
		<pose>Unspecified</pose>
		<truncated>0</truncated>
		<difficult>1</difficult>
		<bndbox>
			<xmin>880</xmin>
			<ymin>756</ymin>
			<xmax>988</xmax>
			<ymax>864</ymax>
		</bndbox>
	</object>
	<object>
		<name>persimmon</name>
		<pose>Unspecified</pose>
		<truncated>0</truncated>
		<difficult>1</difficult>
		<bndbox>
			<xmin>984</xmin>
			<ymin>752</ymin>
			<xmax>1050</xmax>
			<ymax>832</ymax>
		</bndbox>
	</object>
	<object>
		<name>persimmon</name>
		<pose>Unspecified</pose>
		<truncated>0</truncated>
		<difficult>1</difficult>
		<bndbox>
			<xmin>126</xmin>
			<ymin>638</ymin>
			<xmax>244</xmax>
			<ymax>741</ymax>
		</bndbox>
	</object>
	<object>
		<name>persimmon</name>
		<pose>Unspecified</pose>
		<truncated>0</truncated>
		<difficult>1</difficult>
		<bndbox>
			<xmin>108</xmin>
			<ymin>720</ymin>
			<xmax>235</xmax>
			<ymax>804</ymax>
		</bndbox>
	</object>
	<object>
		<name>persimmon</name>
		<pose>Unspecified</pose>
		<truncated>0</truncated>
		<difficult>1</difficult>
		<bndbox>
			<xmin>510</xmin>
			<ymin>973</ymin>
			<xmax>609</xmax>
			<ymax>1069</ymax>
		</bndbox>
	</object>
	<object>
		<name>persimmon</name>
		<pose>Unspecified</pose>
		<truncated>0</truncated>
		<difficult>1</difficult>
		<bndbox>
			<xmin>597</xmin>
			<ymin>1032</ymin>
			<xmax>691</xmax>
			<ymax>1127</ymax>
		</bndbox>
	</object>
	<object>
		<name>persimmon</name>
		<pose>Unspecified</pose>
		<truncated>0</truncated>
		<difficult>1</difficult>
		<bndbox>
			<xmin>733</xmin>
			<ymin>983</ymin>
			<xmax>831</xmax>
			<ymax>1061</ymax>
		</bndbox>
	</object>
	<object>
		<name>persimmon</name>
		<pose>Unspecified</pose>
		<truncated>1</truncated>
		<difficult>1</difficult>
		<bndbox>
			<xmin>1</xmin>
			<ymin>1410</ymin>
			<xmax>133</xmax>
			<ymax>1554</ymax>
		</bndbox>
	</object>
	<object>
		<name>persimmon</name>
		<pose>Unspecified</pose>
		<truncated>0</truncated>
		<difficult>1</difficult>
		<bndbox>
			<xmin>389</xmin>
			<ymin>1464</ymin>
			<xmax>497</xmax>
			<ymax>1572</ymax>
		</bndbox>
	</object>
	<object>
		<name>persimmon</name>
		<pose>Unspecified</pose>
		<truncated>0</truncated>
		<difficult>1</difficult>
		<bndbox>
			<xmin>436</xmin>
			<ymin>1553</ymin>
			<xmax>549</xmax>
			<ymax>1664</ymax>
		</bndbox>
	</object>
	<object>
		<name>persimmon</name>
		<pose>Unspecified</pose>
		<truncated>0</truncated>
		<difficult>1</difficult>
		<bndbox>
			<xmin>286</xmin>
			<ymin>1710</ymin>
			<xmax>420</xmax>
			<ymax>1795</ymax>
		</bndbox>
	</object>
	<object>
		<name>persimmon</name>
		<pose>Unspecified</pose>
		<truncated>0</truncated>
		<difficult>1</difficult>
		<bndbox>
			<xmin>752</xmin>
			<ymin>1552</ymin>
			<xmax>849</xmax>
			<ymax>1642</ymax>
		</bndbox>
	</object>
	<object>
		<name>persimmon</name>
		<pose>Unspecified</pose>
		<truncated>0</truncated>
		<difficult>1</difficult>
		<bndbox>
			<xmin>852</xmin>
			<ymin>1516</ymin>
			<xmax>951</xmax>
			<ymax>1611</ymax>
		</bndbox>
	</object>
	<object>
		<name>persimmon</name>
		<pose>Unspecified</pose>
		<truncated>0</truncated>
		<difficult>1</difficult>
		<bndbox>
			<xmin>1063</xmin>
			<ymin>1442</ymin>
			<xmax>1148</xmax>
			<ymax>1525</ymax>
		</bndbox>
	</object>
	<object>
		<name>persimmon</name>
		<pose>Unspecified</pose>
		<truncated>0</truncated>
		<difficult>1</difficult>
		<bndbox>
			<xmin>951</xmin>
			<ymin>1541</ymin>
			<xmax>1033</xmax>
			<ymax>1608</ymax>
		</bndbox>
	</object>
	<object>
		<name>persimmon</name>
		<pose>Unspecified</pose>
		<truncated>0</truncated>
		<difficult>1</difficult>
		<bndbox>
			<xmin>994</xmin>
			<ymin>1600</ymin>
			<xmax>1077</xmax>
			<ymax>1668</ymax>
		</bndbox>
	</object>
	<object>
		<name>persimmon</name>
		<pose>Unspecified</pose>
		<truncated>0</truncated>
		<difficult>1</difficult>
		<bndbox>
			<xmin>743</xmin>
			<ymin>1737</ymin>
			<xmax>830</xmax>
			<ymax>1784</ymax>
		</bndbox>
	</object>
	<object>
		<name>persimmon</name>
		<pose>Unspecified</pose>
		<truncated>0</truncated>
		<difficult>1</difficult>
		<bndbox>
			<xmin>1197</xmin>
			<ymin>1691</ymin>
			<xmax>1263</xmax>
			<ymax>1754</ymax>
		</bndbox>
	</object>
	<object>
		<name>persimmon</name>
		<pose>Unspecified</pose>
		<truncated>0</truncated>
		<difficult>1</difficult>
		<bndbox>
			<xmin>1411</xmin>
			<ymin>1697</ymin>
			<xmax>1459</xmax>
			<ymax>1802</ymax>
		</bndbox>
	</object>
	<object>
		<name>persimmon</name>
		<pose>Unspecified</pose>
		<truncated>0</truncated>
		<difficult>1</difficult>
		<bndbox>
			<xmin>1449</xmin>
			<ymin>1710</ymin>
			<xmax>1542</xmax>
			<ymax>1826</ymax>
		</bndbox>
	</object>
	<object>
		<name>persimmon</name>
		<pose>Unspecified</pose>
		<truncated>0</truncated>
		<difficult>1</difficult>
		<bndbox>
			<xmin>1525</xmin>
			<ymin>1742</ymin>
			<xmax>1606</xmax>
			<ymax>1840</ymax>
		</bndbox>
	</object>
	<object>
		<name>persimmon</name>
		<pose>Unspecified</pose>
		<truncated>0</truncated>
		<difficult>1</difficult>
		<bndbox>
			<xmin>1370</xmin>
			<ymin>1870</ymin>
			<xmax>1475</xmax>
			<ymax>1973</ymax>
		</bndbox>
	</object>
	<object>
		<name>persimmon</name>
		<pose>Unspecified</pose>
		<truncated>0</truncated>
		<difficult>1</difficult>
		<bndbox>
			<xmin>1007</xmin>
			<ymin>1952</ymin>
			<xmax>1105</xmax>
			<ymax>2051</ymax>
		</bndbox>
	</object>
	<object>
		<name>persimmon</name>
		<pose>Unspecified</pose>
		<truncated>0</truncated>
		<difficult>1</difficult>
		<bndbox>
			<xmin>1121</xmin>
			<ymin>2006</ymin>
			<xmax>1184</xmax>
			<ymax>2096</ymax>
		</bndbox>
	</object>
	<object>
		<name>persimmon</name>
		<pose>Unspecified</pose>
		<truncated>0</truncated>
		<difficult>1</difficult>
		<bndbox>
			<xmin>746</xmin>
			<ymin>1957</ymin>
			<xmax>835</xmax>
			<ymax>2048</ymax>
		</bndbox>
	</object>
	<object>
		<name>persimmon</name>
		<pose>Unspecified</pose>
		<truncated>0</truncated>
		<difficult>1</difficult>
		<bndbox>
			<xmin>710</xmin>
			<ymin>2051</ymin>
			<xmax>789</xmax>
			<ymax>2118</ymax>
		</bndbox>
	</object>
	<object>
		<name>persimmon</name>
		<pose>Unspecified</pose>
		<truncated>0</truncated>
		<difficult>1</difficult>
		<bndbox>
			<xmin>914</xmin>
			<ymin>2045</ymin>
			<xmax>997</xmax>
			<ymax>2133</ymax>
		</bndbox>
	</object>
	<object>
		<name>persimmon</name>
		<pose>Unspecified</pose>
		<truncated>0</truncated>
		<difficult>1</difficult>
		<bndbox>
			<xmin>773</xmin>
			<ymin>2121</ymin>
			<xmax>868</xmax>
			<ymax>2206</ymax>
		</bndbox>
	</object>
	<object>
		<name>persimmon</name>
		<pose>Unspecified</pose>
		<truncated>0</truncated>
		<difficult>1</difficult>
		<bndbox>
			<xmin>920</xmin>
			<ymin>2401</ymin>
			<xmax>1010</xmax>
			<ymax>2466</ymax>
		</bndbox>
	</object>
	<object>
		<name>persimmon</name>
		<pose>Unspecified</pose>
		<truncated>0</truncated>
		<difficult>1</difficult>
		<bndbox>
			<xmin>901</xmin>
			<ymin>2461</ymin>
			<xmax>1000</xmax>
			<ymax>2560</ymax>
		</bndbox>
	</object>
	<object>
		<name>persimmon</name>
		<pose>Unspecified</pose>
		<truncated>0</truncated>
		<difficult>1</difficult>
		<bndbox>
			<xmin>1023</xmin>
			<ymin>2504</ymin>
			<xmax>1100</xmax>
			<ymax>2580</ymax>
		</bndbox>
	</object>
	<object>
		<name>persimmon</name>
		<pose>Unspecified</pose>
		<truncated>0</truncated>
		<difficult>1</difficult>
		<bndbox>
			<xmin>1328</xmin>
			<ymin>2406</ymin>
			<xmax>1414</xmax>
			<ymax>2472</ymax>
		</bndbox>
	</object>
	<object>
		<name>persimmon</name>
		<pose>Unspecified</pose>
		<truncated>0</truncated>
		<difficult>1</difficult>
		<bndbox>
			<xmin>974</xmin>
			<ymin>2578</ymin>
			<xmax>1071</xmax>
			<ymax>2651</ymax>
		</bndbox>
	</object>
	<object>
		<name>persimmon</name>
		<pose>Unspecified</pose>
		<truncated>0</truncated>
		<difficult>1</difficult>
		<bndbox>
			<xmin>1045</xmin>
			<ymin>2616</ymin>
			<xmax>1172</xmax>
			<ymax>2750</ymax>
		</bndbox>
	</object>
	<object>
		<name>persimmon</name>
		<pose>Unspecified</pose>
		<truncated>0</truncated>
		<difficult>1</difficult>
		<bndbox>
			<xmin>942</xmin>
			<ymin>2689</ymin>
			<xmax>1085</xmax>
			<ymax>2821</ymax>
		</bndbox>
	</object>
	<object>
		<name>persimmon</name>
		<pose>Unspecified</pose>
		<truncated>0</truncated>
		<difficult>1</difficult>
		<bndbox>
			<xmin>1573</xmin>
			<ymin>2147</ymin>
			<xmax>1652</xmax>
			<ymax>2239</ymax>
		</bndbox>
	</object>
	<object>
		<name>persimmon</name>
		<pose>Unspecified</pose>
		<truncated>0</truncated>
		<difficult>1</difficult>
		<bndbox>
			<xmin>1646</xmin>
			<ymin>2146</ymin>
			<xmax>1744</xmax>
			<ymax>2243</ymax>
		</bndbox>
	</object>
	<object>
		<name>persimmon</name>
		<pose>Unspecified</pose>
		<truncated>0</truncated>
		<difficult>1</difficult>
		<bndbox>
			<xmin>1532</xmin>
			<ymin>2247</ymin>
			<xmax>1624</xmax>
			<ymax>2306</ymax>
		</bndbox>
	</object>
	<object>
		<name>persimmon</name>
		<pose>Unspecified</pose>
		<truncated>0</truncated>
		<difficult>1</difficult>
		<bndbox>
			<xmin>1535</xmin>
			<ymin>2315</ymin>
			<xmax>1614</xmax>
			<ymax>2398</ymax>
		</bndbox>
	</object>
	<object>
		<name>persimmon</name>
		<pose>Unspecified</pose>
		<truncated>0</truncated>
		<difficult>1</difficult>
		<bndbox>
			<xmin>865</xmin>
			<ymin>2720</ymin>
			<xmax>960</xmax>
			<ymax>2822</ymax>
		</bndbox>
	</object>
	<object>
		<name>persimmon</name>
		<pose>Unspecified</pose>
		<truncated>0</truncated>
		<difficult>1</difficult>
		<bndbox>
			<xmin>1050</xmin>
			<ymin>2747</ymin>
			<xmax>1121</xmax>
			<ymax>2823</ymax>
		</bndbox>
	</object>
	<object>
		<name>persimmon</name>
		<pose>Unspecified</pose>
		<truncated>0</truncated>
		<difficult>1</difficult>
		<bndbox>
			<xmin>904</xmin>
			<ymin>2801</ymin>
			<xmax>1052</xmax>
			<ymax>2924</ymax>
		</bndbox>
	</object>
	<object>
		<name>persimmon</name>
		<pose>Unspecified</pose>
		<truncated>0</truncated>
		<difficult>1</difficult>
		<bndbox>
			<xmin>920</xmin>
			<ymin>2928</ymin>
			<xmax>1068</xmax>
			<ymax>3039</ymax>
		</bndbox>
	</object>
	<object>
		<name>persimmon</name>
		<pose>Unspecified</pose>
		<truncated>0</truncated>
		<difficult>1</difficult>
		<bndbox>
			<xmin>746</xmin>
			<ymin>2992</ymin>
			<xmax>858</xmax>
			<ymax>3092</ymax>
		</bndbox>
	</object>
	<object>
		<name>persimmon</name>
		<pose>Unspecified</pose>
		<truncated>0</truncated>
		<difficult>1</difficult>
		<bndbox>
			<xmin>623</xmin>
			<ymin>3158</ymin>
			<xmax>729</xmax>
			<ymax>3269</ymax>
		</bndbox>
	</object>
	<object>
		<name>persimmon</name>
		<pose>Unspecified</pose>
		<truncated>0</truncated>
		<difficult>1</difficult>
		<bndbox>
			<xmin>815</xmin>
			<ymin>3060</ymin>
			<xmax>963</xmax>
			<ymax>3204</ymax>
		</bndbox>
	</object>
	<object>
		<name>persimmon</name>
		<pose>Unspecified</pose>
		<truncated>0</truncated>
		<difficult>1</difficult>
		<bndbox>
			<xmin>970</xmin>
			<ymin>2976</ymin>
			<xmax>1106</xmax>
			<ymax>3112</ymax>
		</bndbox>
	</object>
	<object>
		<name>persimmon</name>
		<pose>Unspecified</pose>
		<truncated>0</truncated>
		<difficult>1</difficult>
		<bndbox>
			<xmin>1165</xmin>
			<ymin>3010</ymin>
			<xmax>1277</xmax>
			<ymax>3115</ymax>
		</bndbox>
	</object>
	<object>
		<name>persimmon</name>
		<pose>Unspecified</pose>
		<truncated>0</truncated>
		<difficult>1</difficult>
		<bndbox>
			<xmin>1076</xmin>
			<ymin>3116</ymin>
			<xmax>1175</xmax>
			<ymax>3194</ymax>
		</bndbox>
	</object>
	<object>
		<name>persimmon</name>
		<pose>Unspecified</pose>
		<truncated>0</truncated>
		<difficult>1</difficult>
		<bndbox>
			<xmin>1169</xmin>
			<ymin>3112</ymin>
			<xmax>1238</xmax>
			<ymax>3195</ymax>
		</bndbox>
	</object>
	<object>
		<name>persimmon</name>
		<pose>Unspecified</pose>
		<truncated>0</truncated>
		<difficult>1</difficult>
		<bndbox>
			<xmin>1196</xmin>
			<ymin>3225</ymin>
			<xmax>1299</xmax>
			<ymax>3319</ymax>
		</bndbox>
	</object>
	<object>
		<name>persimmon</name>
		<pose>Unspecified</pose>
		<truncated>0</truncated>
		<difficult>1</difficult>
		<bndbox>
			<xmin>1584</xmin>
			<ymin>2688</ymin>
			<xmax>1648</xmax>
			<ymax>2738</ymax>
		</bndbox>
	</object>
</annotation>
