<annotation verified="yes">
	<folder>邱天961-1200</folder>
	<filename>1041.JPEG</filename>
	<path>C:\Users\86155\Desktop\邱天961-1200\1041.JPEG</path>
	<source>
		<database>Unknown</database>
	</source>
	<size>
		<width>4223</width>
		<height>1410</height>
		<depth>3</depth>
	</size>
	<segmented>0</segmented>
	<object>
		<name>persimmon</name>
		<pose>Unspecified</pose>
		<truncated>0</truncated>
		<difficult>1</difficult>
		<bndbox>
			<xmin>412</xmin>
			<ymin>6</ymin>
			<xmax>505</xmax>
			<ymax>102</ymax>
		</bndbox>
	</object>
	<object>
		<name>persimmon</name>
		<pose>Unspecified</pose>
		<truncated>0</truncated>
		<difficult>1</difficult>
		<bndbox>
			<xmin>35</xmin>
			<ymin>67</ymin>
			<xmax>123</xmax>
			<ymax>160</ymax>
		</bndbox>
	</object>
	<object>
		<name>persimmon</name>
		<pose>Unspecified</pose>
		<truncated>0</truncated>
		<difficult>1</difficult>
		<bndbox>
			<xmin>127</xmin>
			<ymin>105</ymin>
			<xmax>229</xmax>
			<ymax>216</ymax>
		</bndbox>
	</object>
	<object>
		<name>persimmon</name>
		<pose>Unspecified</pose>
		<truncated>0</truncated>
		<difficult>1</difficult>
		<bndbox>
			<xmin>17</xmin>
			<ymin>179</ymin>
			<xmax>127</xmax>
			<ymax>280</ymax>
		</bndbox>
	</object>
	<object>
		<name>persimmon</name>
		<pose>Unspecified</pose>
		<truncated>0</truncated>
		<difficult>1</difficult>
		<bndbox>
			<xmin>178</xmin>
			<ymin>345</ymin>
			<xmax>285</xmax>
			<ymax>453</ymax>
		</bndbox>
	</object>
	<object>
		<name>persimmon</name>
		<pose>Unspecified</pose>
		<truncated>0</truncated>
		<difficult>1</difficult>
		<bndbox>
			<xmin>425</xmin>
			<ymin>313</ymin>
			<xmax>501</xmax>
			<ymax>376</ymax>
		</bndbox>
	</object>
	<object>
		<name>persimmon</name>
		<pose>Unspecified</pose>
		<truncated>0</truncated>
		<difficult>1</difficult>
		<bndbox>
			<xmin>725</xmin>
			<ymin>2</ymin>
			<xmax>804</xmax>
			<ymax>76</ymax>
		</bndbox>
	</object>
	<object>
		<name>persimmon</name>
		<pose>Unspecified</pose>
		<truncated>0</truncated>
		<difficult>1</difficult>
		<bndbox>
			<xmin>809</xmin>
			<ymin>61</ymin>
			<xmax>882</xmax>
			<ymax>149</ymax>
		</bndbox>
	</object>
	<object>
		<name>persimmon</name>
		<pose>Unspecified</pose>
		<truncated>0</truncated>
		<difficult>1</difficult>
		<bndbox>
			<xmin>765</xmin>
			<ymin>119</ymin>
			<xmax>848</xmax>
			<ymax>182</ymax>
		</bndbox>
	</object>
	<object>
		<name>persimmon</name>
		<pose>Unspecified</pose>
		<truncated>0</truncated>
		<difficult>1</difficult>
		<bndbox>
			<xmin>653</xmin>
			<ymin>121</ymin>
			<xmax>748</xmax>
			<ymax>217</ymax>
		</bndbox>
	</object>
	<object>
		<name>persimmon</name>
		<pose>Unspecified</pose>
		<truncated>0</truncated>
		<difficult>1</difficult>
		<bndbox>
			<xmin>2087</xmin>
			<ymin>347</ymin>
			<xmax>2189</xmax>
			<ymax>415</ymax>
		</bndbox>
	</object>
	<object>
		<name>persimmon</name>
		<pose>Unspecified</pose>
		<truncated>0</truncated>
		<difficult>1</difficult>
		<bndbox>
			<xmin>2765</xmin>
			<ymin>204</ymin>
			<xmax>2876</xmax>
			<ymax>303</ymax>
		</bndbox>
	</object>
	<object>
		<name>persimmon</name>
		<pose>Unspecified</pose>
		<truncated>0</truncated>
		<difficult>1</difficult>
		<bndbox>
			<xmin>2739</xmin>
			<ymin>297</ymin>
			<xmax>2889</xmax>
			<ymax>408</ymax>
		</bndbox>
	</object>
	<object>
		<name>persimmon</name>
		<pose>Unspecified</pose>
		<truncated>0</truncated>
		<difficult>1</difficult>
		<bndbox>
			<xmin>2833</xmin>
			<ymin>342</ymin>
			<xmax>2976</xmax>
			<ymax>476</ymax>
		</bndbox>
	</object>
	<object>
		<name>persimmon</name>
		<pose>Unspecified</pose>
		<truncated>0</truncated>
		<difficult>1</difficult>
		<bndbox>
			<xmin>3201</xmin>
			<ymin>179</ymin>
			<xmax>3288</xmax>
			<ymax>274</ymax>
		</bndbox>
	</object>
	<object>
		<name>persimmon</name>
		<pose>Unspecified</pose>
		<truncated>0</truncated>
		<difficult>1</difficult>
		<bndbox>
			<xmin>3204</xmin>
			<ymin>266</ymin>
			<xmax>3327</xmax>
			<ymax>383</ymax>
		</bndbox>
	</object>
	<object>
		<name>persimmon</name>
		<pose>Unspecified</pose>
		<truncated>0</truncated>
		<difficult>1</difficult>
		<bndbox>
			<xmin>3295</xmin>
			<ymin>378</ymin>
			<xmax>3378</xmax>
			<ymax>463</ymax>
		</bndbox>
	</object>
	<object>
		<name>persimmon</name>
		<pose>Unspecified</pose>
		<truncated>0</truncated>
		<difficult>1</difficult>
		<bndbox>
			<xmin>3262</xmin>
			<ymin>506</ymin>
			<xmax>3363</xmax>
			<ymax>608</ymax>
		</bndbox>
	</object>
	<object>
		<name>persimmon</name>
		<pose>Unspecified</pose>
		<truncated>0</truncated>
		<difficult>1</difficult>
		<bndbox>
			<xmin>3136</xmin>
			<ymin>551</ymin>
			<xmax>3239</xmax>
			<ymax>658</ymax>
		</bndbox>
	</object>
	<object>
		<name>persimmon</name>
		<pose>Unspecified</pose>
		<truncated>0</truncated>
		<difficult>1</difficult>
		<bndbox>
			<xmin>3234</xmin>
			<ymin>617</ymin>
			<xmax>3324</xmax>
			<ymax>720</ymax>
		</bndbox>
	</object>
	<object>
		<name>persimmon</name>
		<pose>Unspecified</pose>
		<truncated>0</truncated>
		<difficult>1</difficult>
		<bndbox>
			<xmin>696</xmin>
			<ymin>599</ymin>
			<xmax>780</xmax>
			<ymax>682</ymax>
		</bndbox>
	</object>
	<object>
		<name>persimmon</name>
		<pose>Unspecified</pose>
		<truncated>0</truncated>
		<difficult>1</difficult>
		<bndbox>
			<xmin>77</xmin>
			<ymin>684</ymin>
			<xmax>189</xmax>
			<ymax>797</ymax>
		</bndbox>
	</object>
	<object>
		<name>persimmon</name>
		<pose>Unspecified</pose>
		<truncated>0</truncated>
		<difficult>1</difficult>
		<bndbox>
			<xmin>425</xmin>
			<ymin>794</ymin>
			<xmax>491</xmax>
			<ymax>881</ymax>
		</bndbox>
	</object>
	<object>
		<name>persimmon</name>
		<pose>Unspecified</pose>
		<truncated>0</truncated>
		<difficult>1</difficult>
		<bndbox>
			<xmin>678</xmin>
			<ymin>965</ymin>
			<xmax>777</xmax>
			<ymax>1052</ymax>
		</bndbox>
	</object>
	<object>
		<name>persimmon</name>
		<pose>Unspecified</pose>
		<truncated>0</truncated>
		<difficult>1</difficult>
		<bndbox>
			<xmin>382</xmin>
			<ymin>1038</ymin>
			<xmax>471</xmax>
			<ymax>1152</ymax>
		</bndbox>
	</object>
	<object>
		<name>persimmon</name>
		<pose>Unspecified</pose>
		<truncated>0</truncated>
		<difficult>1</difficult>
		<bndbox>
			<xmin>434</xmin>
			<ymin>1039</ymin>
			<xmax>548</xmax>
			<ymax>1148</ymax>
		</bndbox>
	</object>
	<object>
		<name>persimmon</name>
		<pose>Unspecified</pose>
		<truncated>0</truncated>
		<difficult>1</difficult>
		<bndbox>
			<xmin>804</xmin>
			<ymin>1111</ymin>
			<xmax>898</xmax>
			<ymax>1213</ymax>
		</bndbox>
	</object>
	<object>
		<name>persimmon</name>
		<pose>Unspecified</pose>
		<truncated>0</truncated>
		<difficult>1</difficult>
		<bndbox>
			<xmin>1283</xmin>
			<ymin>975</ymin>
			<xmax>1432</xmax>
			<ymax>1117</ymax>
		</bndbox>
	</object>
	<object>
		<name>persimmon</name>
		<pose>Unspecified</pose>
		<truncated>0</truncated>
		<difficult>1</difficult>
		<bndbox>
			<xmin>1179</xmin>
			<ymin>1051</ymin>
			<xmax>1313</xmax>
			<ymax>1128</ymax>
		</bndbox>
	</object>
	<object>
		<name>persimmon</name>
		<pose>Unspecified</pose>
		<truncated>0</truncated>
		<difficult>1</difficult>
		<bndbox>
			<xmin>1345</xmin>
			<ymin>1127</ymin>
			<xmax>1432</xmax>
			<ymax>1219</ymax>
		</bndbox>
	</object>
	<object>
		<name>persimmon</name>
		<pose>Unspecified</pose>
		<truncated>0</truncated>
		<difficult>1</difficult>
		<bndbox>
			<xmin>1459</xmin>
			<ymin>1176</ymin>
			<xmax>1625</xmax>
			<ymax>1339</ymax>
		</bndbox>
	</object>
	<object>
		<name>persimmon</name>
		<pose>Unspecified</pose>
		<truncated>0</truncated>
		<difficult>1</difficult>
		<bndbox>
			<xmin>1090</xmin>
			<ymin>1192</ymin>
			<xmax>1168</xmax>
			<ymax>1254</ymax>
		</bndbox>
	</object>
	<object>
		<name>persimmon</name>
		<pose>Unspecified</pose>
		<truncated>0</truncated>
		<difficult>1</difficult>
		<bndbox>
			<xmin>1084</xmin>
			<ymin>1277</ymin>
			<xmax>1154</xmax>
			<ymax>1366</ymax>
		</bndbox>
	</object>
	<object>
		<name>persimmon</name>
		<pose>Unspecified</pose>
		<truncated>0</truncated>
		<difficult>1</difficult>
		<bndbox>
			<xmin>1966</xmin>
			<ymin>619</ymin>
			<xmax>2062</xmax>
			<ymax>720</ymax>
		</bndbox>
	</object>
	<object>
		<name>persimmon</name>
		<pose>Unspecified</pose>
		<truncated>0</truncated>
		<difficult>1</difficult>
		<bndbox>
			<xmin>1901</xmin>
			<ymin>795</ymin>
			<xmax>2009</xmax>
			<ymax>889</ymax>
		</bndbox>
	</object>
	<object>
		<name>persimmon</name>
		<pose>Unspecified</pose>
		<truncated>0</truncated>
		<difficult>1</difficult>
		<bndbox>
			<xmin>2231</xmin>
			<ymin>822</ymin>
			<xmax>2386</xmax>
			<ymax>985</ymax>
		</bndbox>
	</object>
	<object>
		<name>persimmon</name>
		<pose>Unspecified</pose>
		<truncated>0</truncated>
		<difficult>1</difficult>
		<bndbox>
			<xmin>1997</xmin>
			<ymin>942</ymin>
			<xmax>2048</xmax>
			<ymax>1003</ymax>
		</bndbox>
	</object>
	<object>
		<name>persimmon</name>
		<pose>Unspecified</pose>
		<truncated>0</truncated>
		<difficult>1</difficult>
		<bndbox>
			<xmin>2083</xmin>
			<ymin>1017</ymin>
			<xmax>2199</xmax>
			<ymax>1122</ymax>
		</bndbox>
	</object>
	<object>
		<name>persimmon</name>
		<pose>Unspecified</pose>
		<truncated>0</truncated>
		<difficult>1</difficult>
		<bndbox>
			<xmin>1927</xmin>
			<ymin>1028</ymin>
			<xmax>2087</xmax>
			<ymax>1201</ymax>
		</bndbox>
	</object>
	<object>
		<name>persimmon</name>
		<pose>Unspecified</pose>
		<truncated>0</truncated>
		<difficult>1</difficult>
		<bndbox>
			<xmin>2045</xmin>
			<ymin>1122</ymin>
			<xmax>2214</xmax>
			<ymax>1278</ymax>
		</bndbox>
	</object>
	<object>
		<name>persimmon</name>
		<pose>Unspecified</pose>
		<truncated>0</truncated>
		<difficult>1</difficult>
		<bndbox>
			<xmin>2691</xmin>
			<ymin>469</ymin>
			<xmax>2835</xmax>
			<ymax>624</ymax>
		</bndbox>
	</object>
	<object>
		<name>persimmon</name>
		<pose>Unspecified</pose>
		<truncated>0</truncated>
		<difficult>1</difficult>
		<bndbox>
			<xmin>2711</xmin>
			<ymin>597</ymin>
			<xmax>2861</xmax>
			<ymax>739</ymax>
		</bndbox>
	</object>
	<object>
		<name>persimmon</name>
		<pose>Unspecified</pose>
		<truncated>0</truncated>
		<difficult>1</difficult>
		<bndbox>
			<xmin>2635</xmin>
			<ymin>704</ymin>
			<xmax>2782</xmax>
			<ymax>854</ymax>
		</bndbox>
	</object>
	<object>
		<name>persimmon</name>
		<pose>Unspecified</pose>
		<truncated>0</truncated>
		<difficult>1</difficult>
		<bndbox>
			<xmin>2656</xmin>
			<ymin>966</ymin>
			<xmax>2825</xmax>
			<ymax>1123</ymax>
		</bndbox>
	</object>
	<object>
		<name>persimmon</name>
		<pose>Unspecified</pose>
		<truncated>0</truncated>
		<difficult>1</difficult>
		<bndbox>
			<xmin>4055</xmin>
			<ymin>180</ymin>
			<xmax>4218</xmax>
			<ymax>314</ymax>
		</bndbox>
	</object>
	<object>
		<name>persimmon</name>
		<pose>Unspecified</pose>
		<truncated>0</truncated>
		<difficult>1</difficult>
		<bndbox>
			<xmin>3992</xmin>
			<ymin>418</ymin>
			<xmax>4071</xmax>
			<ymax>490</ymax>
		</bndbox>
	</object>
	<object>
		<name>persimmon</name>
		<pose>Unspecified</pose>
		<truncated>0</truncated>
		<difficult>1</difficult>
		<bndbox>
			<xmin>3858</xmin>
			<ymin>468</ymin>
			<xmax>3935</xmax>
			<ymax>537</ymax>
		</bndbox>
	</object>
	<object>
		<name>persimmon</name>
		<pose>Unspecified</pose>
		<truncated>0</truncated>
		<difficult>1</difficult>
		<bndbox>
			<xmin>4013</xmin>
			<ymin>480</ymin>
			<xmax>4113</xmax>
			<ymax>574</ymax>
		</bndbox>
	</object>
	<object>
		<name>persimmon</name>
		<pose>Unspecified</pose>
		<truncated>0</truncated>
		<difficult>1</difficult>
		<bndbox>
			<xmin>3563</xmin>
			<ymin>511</ymin>
			<xmax>3661</xmax>
			<ymax>612</ymax>
		</bndbox>
	</object>
	<object>
		<name>persimmon</name>
		<pose>Unspecified</pose>
		<truncated>0</truncated>
		<difficult>1</difficult>
		<bndbox>
			<xmin>3654</xmin>
			<ymin>519</ymin>
			<xmax>3742</xmax>
			<ymax>615</ymax>
		</bndbox>
	</object>
	<object>
		<name>persimmon</name>
		<pose>Unspecified</pose>
		<truncated>0</truncated>
		<difficult>1</difficult>
		<bndbox>
			<xmin>3577</xmin>
			<ymin>652</ymin>
			<xmax>3651</xmax>
			<ymax>730</ymax>
		</bndbox>
	</object>
	<object>
		<name>persimmon</name>
		<pose>Unspecified</pose>
		<truncated>0</truncated>
		<difficult>1</difficult>
		<bndbox>
			<xmin>3390</xmin>
			<ymin>737</ymin>
			<xmax>3461</xmax>
			<ymax>800</ymax>
		</bndbox>
	</object>
	<object>
		<name>persimmon</name>
		<pose>Unspecified</pose>
		<truncated>0</truncated>
		<difficult>1</difficult>
		<bndbox>
			<xmin>3467</xmin>
			<ymin>773</ymin>
			<xmax>3524</xmax>
			<ymax>832</ymax>
		</bndbox>
	</object>
	<object>
		<name>persimmon</name>
		<pose>Unspecified</pose>
		<truncated>0</truncated>
		<difficult>1</difficult>
		<bndbox>
			<xmin>3667</xmin>
			<ymin>665</ymin>
			<xmax>3750</xmax>
			<ymax>744</ymax>
		</bndbox>
	</object>
	<object>
		<name>persimmon</name>
		<pose>Unspecified</pose>
		<truncated>0</truncated>
		<difficult>1</difficult>
		<bndbox>
			<xmin>3533</xmin>
			<ymin>989</ymin>
			<xmax>3607</xmax>
			<ymax>1067</ymax>
		</bndbox>
	</object>
	<object>
		<name>persimmon</name>
		<pose>Unspecified</pose>
		<truncated>0</truncated>
		<difficult>1</difficult>
		<bndbox>
			<xmin>3630</xmin>
			<ymin>1001</ymin>
			<xmax>3707</xmax>
			<ymax>1079</ymax>
		</bndbox>
	</object>
	<object>
		<name>persimmon</name>
		<pose>Unspecified</pose>
		<truncated>0</truncated>
		<difficult>1</difficult>
		<bndbox>
			<xmin>4009</xmin>
			<ymin>732</ymin>
			<xmax>4115</xmax>
			<ymax>823</ymax>
		</bndbox>
	</object>
	<object>
		<name>persimmon</name>
		<pose>Unspecified</pose>
		<truncated>0</truncated>
		<difficult>1</difficult>
		<bndbox>
			<xmin>3989</xmin>
			<ymin>826</ymin>
			<xmax>4101</xmax>
			<ymax>924</ymax>
		</bndbox>
	</object>
	<object>
		<name>persimmon</name>
		<pose>Unspecified</pose>
		<truncated>0</truncated>
		<difficult>1</difficult>
		<bndbox>
			<xmin>3846</xmin>
			<ymin>995</ymin>
			<xmax>3947</xmax>
			<ymax>1059</ymax>
		</bndbox>
	</object>
	<object>
		<name>persimmon</name>
		<pose>Unspecified</pose>
		<truncated>0</truncated>
		<difficult>1</difficult>
		<bndbox>
			<xmin>3799</xmin>
			<ymin>1097</ymin>
			<xmax>3891</xmax>
			<ymax>1184</ymax>
		</bndbox>
	</object>
	<object>
		<name>persimmon</name>
		<pose>Unspecified</pose>
		<truncated>0</truncated>
		<difficult>1</difficult>
		<bndbox>
			<xmin>4003</xmin>
			<ymin>1060</ymin>
			<xmax>4105</xmax>
			<ymax>1143</ymax>
		</bndbox>
	</object>
	<object>
		<name>persimmon</name>
		<pose>Unspecified</pose>
		<truncated>0</truncated>
		<difficult>1</difficult>
		<bndbox>
			<xmin>3982</xmin>
			<ymin>1151</ymin>
			<xmax>4063</xmax>
			<ymax>1233</ymax>
		</bndbox>
	</object>
	<object>
		<name>persimmon</name>
		<pose>Unspecified</pose>
		<truncated>0</truncated>
		<difficult>1</difficult>
		<bndbox>
			<xmin>4093</xmin>
			<ymin>1161</ymin>
			<xmax>4177</xmax>
			<ymax>1241</ymax>
		</bndbox>
	</object>
</annotation>
