<annotation verified="yes">
	<folder>邱天961-1200</folder>
	<filename>1042.JPEG</filename>
	<path>C:\Users\86155\Desktop\邱天961-1200\1042.JPEG</path>
	<source>
		<database>Unknown</database>
	</source>
	<size>
		<width>3950</width>
		<height>1149</height>
		<depth>3</depth>
	</size>
	<segmented>0</segmented>
	<object>
		<name>persimmon</name>
		<pose>Unspecified</pose>
		<truncated>1</truncated>
		<difficult>1</difficult>
		<bndbox>
			<xmin>1</xmin>
			<ymin>640</ymin>
			<xmax>102</xmax>
			<ymax>741</ymax>
		</bndbox>
	</object>
	<object>
		<name>persimmon</name>
		<pose>Unspecified</pose>
		<truncated>0</truncated>
		<difficult>1</difficult>
		<bndbox>
			<xmin>161</xmin>
			<ymin>216</ymin>
			<xmax>251</xmax>
			<ymax>291</ymax>
		</bndbox>
	</object>
	<object>
		<name>persimmon</name>
		<pose>Unspecified</pose>
		<truncated>0</truncated>
		<difficult>1</difficult>
		<bndbox>
			<xmin>269</xmin>
			<ymin>217</ymin>
			<xmax>356</xmax>
			<ymax>293</ymax>
		</bndbox>
	</object>
	<object>
		<name>persimmon</name>
		<pose>Unspecified</pose>
		<truncated>0</truncated>
		<difficult>1</difficult>
		<bndbox>
			<xmin>150</xmin>
			<ymin>345</ymin>
			<xmax>214</xmax>
			<ymax>402</ymax>
		</bndbox>
	</object>
	<object>
		<name>persimmon</name>
		<pose>Unspecified</pose>
		<truncated>0</truncated>
		<difficult>1</difficult>
		<bndbox>
			<xmin>98</xmin>
			<ymin>967</ymin>
			<xmax>233</xmax>
			<ymax>1105</ymax>
		</bndbox>
	</object>
	<object>
		<name>persimmon</name>
		<pose>Unspecified</pose>
		<truncated>0</truncated>
		<difficult>1</difficult>
		<bndbox>
			<xmin>380</xmin>
			<ymin>937</ymin>
			<xmax>471</xmax>
			<ymax>1029</ymax>
		</bndbox>
	</object>
	<object>
		<name>persimmon</name>
		<pose>Unspecified</pose>
		<truncated>0</truncated>
		<difficult>1</difficult>
		<bndbox>
			<xmin>902</xmin>
			<ymin>14</ymin>
			<xmax>1099</xmax>
			<ymax>203</ymax>
		</bndbox>
	</object>
	<object>
		<name>persimmon</name>
		<pose>Unspecified</pose>
		<truncated>0</truncated>
		<difficult>1</difficult>
		<bndbox>
			<xmin>895</xmin>
			<ymin>199</ymin>
			<xmax>1068</xmax>
			<ymax>363</ymax>
		</bndbox>
	</object>
	<object>
		<name>persimmon</name>
		<pose>Unspecified</pose>
		<truncated>0</truncated>
		<difficult>1</difficult>
		<bndbox>
			<xmin>556</xmin>
			<ymin>205</ymin>
			<xmax>764</xmax>
			<ymax>398</ymax>
		</bndbox>
	</object>
	<object>
		<name>persimmon</name>
		<pose>Unspecified</pose>
		<truncated>0</truncated>
		<difficult>1</difficult>
		<bndbox>
			<xmin>674</xmin>
			<ymin>335</ymin>
			<xmax>881</xmax>
			<ymax>548</ymax>
		</bndbox>
	</object>
	<object>
		<name>persimmon</name>
		<pose>Unspecified</pose>
		<truncated>0</truncated>
		<difficult>1</difficult>
		<bndbox>
			<xmin>671</xmin>
			<ymin>503</ymin>
			<xmax>883</xmax>
			<ymax>653</ymax>
		</bndbox>
	</object>
	<object>
		<name>persimmon</name>
		<pose>Unspecified</pose>
		<truncated>0</truncated>
		<difficult>1</difficult>
		<bndbox>
			<xmin>1698</xmin>
			<ymin>884</ymin>
			<xmax>1800</xmax>
			<ymax>988</ymax>
		</bndbox>
	</object>
	<object>
		<name>persimmon</name>
		<pose>Unspecified</pose>
		<truncated>0</truncated>
		<difficult>1</difficult>
		<bndbox>
			<xmin>1829</xmin>
			<ymin>840</ymin>
			<xmax>1926</xmax>
			<ymax>937</ymax>
		</bndbox>
	</object>
	<object>
		<name>persimmon</name>
		<pose>Unspecified</pose>
		<truncated>0</truncated>
		<difficult>1</difficult>
		<bndbox>
			<xmin>2312</xmin>
			<ymin>2</ymin>
			<xmax>2485</xmax>
			<ymax>156</ymax>
		</bndbox>
	</object>
	<object>
		<name>persimmon</name>
		<pose>Unspecified</pose>
		<truncated>0</truncated>
		<difficult>1</difficult>
		<bndbox>
			<xmin>2467</xmin>
			<ymin>63</ymin>
			<xmax>2624</xmax>
			<ymax>217</ymax>
		</bndbox>
	</object>
	<object>
		<name>persimmon</name>
		<pose>Unspecified</pose>
		<truncated>0</truncated>
		<difficult>1</difficult>
		<bndbox>
			<xmin>2303</xmin>
			<ymin>224</ymin>
			<xmax>2424</xmax>
			<ymax>358</ymax>
		</bndbox>
	</object>
	<object>
		<name>persimmon</name>
		<pose>Unspecified</pose>
		<truncated>0</truncated>
		<difficult>1</difficult>
		<bndbox>
			<xmin>2632</xmin>
			<ymin>46</ymin>
			<xmax>2763</xmax>
			<ymax>183</ymax>
		</bndbox>
	</object>
	<object>
		<name>persimmon</name>
		<pose>Unspecified</pose>
		<truncated>0</truncated>
		<difficult>1</difficult>
		<bndbox>
			<xmin>2814</xmin>
			<ymin>14</ymin>
			<xmax>2943</xmax>
			<ymax>154</ymax>
		</bndbox>
	</object>
	<object>
		<name>persimmon</name>
		<pose>Unspecified</pose>
		<truncated>0</truncated>
		<difficult>1</difficult>
		<bndbox>
			<xmin>2721</xmin>
			<ymin>151</ymin>
			<xmax>2882</xmax>
			<ymax>308</ymax>
		</bndbox>
	</object>
	<object>
		<name>persimmon</name>
		<pose>Unspecified</pose>
		<truncated>0</truncated>
		<difficult>1</difficult>
		<bndbox>
			<xmin>3003</xmin>
			<ymin>272</ymin>
			<xmax>3138</xmax>
			<ymax>404</ymax>
		</bndbox>
	</object>
	<object>
		<name>persimmon</name>
		<pose>Unspecified</pose>
		<truncated>0</truncated>
		<difficult>1</difficult>
		<bndbox>
			<xmin>2767</xmin>
			<ymin>353</ymin>
			<xmax>2869</xmax>
			<ymax>503</ymax>
		</bndbox>
	</object>
	<object>
		<name>persimmon</name>
		<pose>Unspecified</pose>
		<truncated>0</truncated>
		<difficult>1</difficult>
		<bndbox>
			<xmin>2861</xmin>
			<ymin>368</ymin>
			<xmax>3021</xmax>
			<ymax>533</ymax>
		</bndbox>
	</object>
	<object>
		<name>persimmon</name>
		<pose>Unspecified</pose>
		<truncated>0</truncated>
		<difficult>1</difficult>
		<bndbox>
			<xmin>3188</xmin>
			<ymin>382</ymin>
			<xmax>3320</xmax>
			<ymax>517</ymax>
		</bndbox>
	</object>
	<object>
		<name>persimmon</name>
		<pose>Unspecified</pose>
		<truncated>0</truncated>
		<difficult>1</difficult>
		<bndbox>
			<xmin>2370</xmin>
			<ymin>514</ymin>
			<xmax>2514</xmax>
			<ymax>645</ymax>
		</bndbox>
	</object>
	<object>
		<name>persimmon</name>
		<pose>Unspecified</pose>
		<truncated>0</truncated>
		<difficult>1</difficult>
		<bndbox>
			<xmin>2503</xmin>
			<ymin>546</ymin>
			<xmax>2626</xmax>
			<ymax>691</ymax>
		</bndbox>
	</object>
	<object>
		<name>persimmon</name>
		<pose>Unspecified</pose>
		<truncated>0</truncated>
		<difficult>1</difficult>
		<bndbox>
			<xmin>3041</xmin>
			<ymin>516</ymin>
			<xmax>3167</xmax>
			<ymax>651</ymax>
		</bndbox>
	</object>
	<object>
		<name>persimmon</name>
		<pose>Unspecified</pose>
		<truncated>0</truncated>
		<difficult>1</difficult>
		<bndbox>
			<xmin>2337</xmin>
			<ymin>663</ymin>
			<xmax>2489</xmax>
			<ymax>821</ymax>
		</bndbox>
	</object>
	<object>
		<name>persimmon</name>
		<pose>Unspecified</pose>
		<truncated>0</truncated>
		<difficult>1</difficult>
		<bndbox>
			<xmin>3282</xmin>
			<ymin>605</ymin>
			<xmax>3405</xmax>
			<ymax>735</ymax>
		</bndbox>
	</object>
	<object>
		<name>persimmon</name>
		<pose>Unspecified</pose>
		<truncated>0</truncated>
		<difficult>1</difficult>
		<bndbox>
			<xmin>3428</xmin>
			<ymin>591</ymin>
			<xmax>3520</xmax>
			<ymax>701</ymax>
		</bndbox>
	</object>
	<object>
		<name>persimmon</name>
		<pose>Unspecified</pose>
		<truncated>0</truncated>
		<difficult>1</difficult>
		<bndbox>
			<xmin>3650</xmin>
			<ymin>8</ymin>
			<xmax>3768</xmax>
			<ymax>110</ymax>
		</bndbox>
	</object>
	<object>
		<name>persimmon</name>
		<pose>Unspecified</pose>
		<truncated>0</truncated>
		<difficult>1</difficult>
		<bndbox>
			<xmin>3640</xmin>
			<ymin>107</ymin>
			<xmax>3753</xmax>
			<ymax>219</ymax>
		</bndbox>
	</object>
	<object>
		<name>persimmon</name>
		<pose>Unspecified</pose>
		<truncated>0</truncated>
		<difficult>1</difficult>
		<bndbox>
			<xmin>3488</xmin>
			<ymin>741</ymin>
			<xmax>3599</xmax>
			<ymax>851</ymax>
		</bndbox>
	</object>
	<object>
		<name>persimmon</name>
		<pose>Unspecified</pose>
		<truncated>0</truncated>
		<difficult>1</difficult>
		<bndbox>
			<xmin>2975</xmin>
			<ymin>803</ymin>
			<xmax>3081</xmax>
			<ymax>913</ymax>
		</bndbox>
	</object>
	<object>
		<name>persimmon</name>
		<pose>Unspecified</pose>
		<truncated>0</truncated>
		<difficult>1</difficult>
		<bndbox>
			<xmin>3262</xmin>
			<ymin>853</ymin>
			<xmax>3378</xmax>
			<ymax>974</ymax>
		</bndbox>
	</object>
	<object>
		<name>persimmon</name>
		<pose>Unspecified</pose>
		<truncated>0</truncated>
		<difficult>1</difficult>
		<bndbox>
			<xmin>2497</xmin>
			<ymin>877</ymin>
			<xmax>2636</xmax>
			<ymax>1034</ymax>
		</bndbox>
	</object>
	<object>
		<name>persimmon</name>
		<pose>Unspecified</pose>
		<truncated>0</truncated>
		<difficult>1</difficult>
		<bndbox>
			<xmin>2304</xmin>
			<ymin>921</ymin>
			<xmax>2413</xmax>
			<ymax>1013</ymax>
		</bndbox>
	</object>
	<object>
		<name>persimmon</name>
		<pose>Unspecified</pose>
		<truncated>0</truncated>
		<difficult>1</difficult>
		<bndbox>
			<xmin>2758</xmin>
			<ymin>924</ymin>
			<xmax>2912</xmax>
			<ymax>1085</ymax>
		</bndbox>
	</object>
	<object>
		<name>persimmon</name>
		<pose>Unspecified</pose>
		<truncated>0</truncated>
		<difficult>1</difficult>
		<bndbox>
			<xmin>2281</xmin>
			<ymin>1007</ymin>
			<xmax>2373</xmax>
			<ymax>1084</ymax>
		</bndbox>
	</object>
	<object>
		<name>persimmon</name>
		<pose>Unspecified</pose>
		<truncated>0</truncated>
		<difficult>1</difficult>
		<bndbox>
			<xmin>2332</xmin>
			<ymin>1018</ymin>
			<xmax>2425</xmax>
			<ymax>1126</ymax>
		</bndbox>
	</object>
	<object>
		<name>persimmon</name>
		<pose>Unspecified</pose>
		<truncated>0</truncated>
		<difficult>1</difficult>
		<bndbox>
			<xmin>3811</xmin>
			<ymin>895</ymin>
			<xmax>3914</xmax>
			<ymax>999</ymax>
		</bndbox>
	</object>
	<object>
		<name>persimmon</name>
		<pose>Unspecified</pose>
		<truncated>0</truncated>
		<difficult>1</difficult>
		<bndbox>
			<xmin>3819</xmin>
			<ymin>1063</ymin>
			<xmax>3930</xmax>
			<ymax>1148</ymax>
		</bndbox>
	</object>
	<object>
		<name>persimmon</name>
		<pose>Unspecified</pose>
		<truncated>0</truncated>
		<difficult>1</difficult>
		<bndbox>
			<xmin>3565</xmin>
			<ymin>1031</ymin>
			<xmax>3662</xmax>
			<ymax>1134</ymax>
		</bndbox>
	</object>
	<object>
		<name>persimmon</name>
		<pose>Unspecified</pose>
		<truncated>0</truncated>
		<difficult>1</difficult>
		<bndbox>
			<xmin>3612</xmin>
			<ymin>901</ymin>
			<xmax>3732</xmax>
			<ymax>1029</ymax>
		</bndbox>
	</object>
	<object>
		<name>persimmon</name>
		<pose>Unspecified</pose>
		<truncated>0</truncated>
		<difficult>1</difficult>
		<bndbox>
			<xmin>3727</xmin>
			<ymin>938</ymin>
			<xmax>3804</xmax>
			<ymax>1020</ymax>
		</bndbox>
	</object>
	<object>
		<name>persimmon</name>
		<pose>Unspecified</pose>
		<truncated>0</truncated>
		<difficult>1</difficult>
		<bndbox>
			<xmin>3675</xmin>
			<ymin>986</ymin>
			<xmax>3789</xmax>
			<ymax>1089</ymax>
		</bndbox>
	</object>
	<object>
		<name>persimmon</name>
		<pose>Unspecified</pose>
		<truncated>0</truncated>
		<difficult>1</difficult>
		<bndbox>
			<xmin>3549</xmin>
			<ymin>933</ymin>
			<xmax>3616</xmax>
			<ymax>1016</ymax>
		</bndbox>
	</object>
</annotation>
