<annotation verified="yes">
	<folder>邱天961-1200</folder>
	<filename>1047.JPEG</filename>
	<path>C:\Users\86155\Desktop\邱天961-1200\1047.JPEG</path>
	<source>
		<database>Unknown</database>
	</source>
	<size>
		<width>2215</width>
		<height>2981</height>
		<depth>3</depth>
	</size>
	<segmented>0</segmented>
	<object>
		<name>persimmon</name>
		<pose>Unspecified</pose>
		<truncated>0</truncated>
		<difficult>1</difficult>
		<bndbox>
			<xmin>1837</xmin>
			<ymin>26</ymin>
			<xmax>1948</xmax>
			<ymax>141</ymax>
		</bndbox>
	</object>
	<object>
		<name>persimmon</name>
		<pose>Unspecified</pose>
		<truncated>0</truncated>
		<difficult>1</difficult>
		<bndbox>
			<xmin>1838</xmin>
			<ymin>141</ymin>
			<xmax>1955</xmax>
			<ymax>251</ymax>
		</bndbox>
	</object>
	<object>
		<name>persimmon</name>
		<pose>Unspecified</pose>
		<truncated>0</truncated>
		<difficult>1</difficult>
		<bndbox>
			<xmin>1910</xmin>
			<ymin>182</ymin>
			<xmax>2004</xmax>
			<ymax>287</ymax>
		</bndbox>
	</object>
	<object>
		<name>persimmon</name>
		<pose>Unspecified</pose>
		<truncated>0</truncated>
		<difficult>1</difficult>
		<bndbox>
			<xmin>1750</xmin>
			<ymin>711</ymin>
			<xmax>1858</xmax>
			<ymax>839</ymax>
		</bndbox>
	</object>
	<object>
		<name>persimmon</name>
		<pose>Unspecified</pose>
		<truncated>0</truncated>
		<difficult>1</difficult>
		<bndbox>
			<xmin>1420</xmin>
			<ymin>581</ymin>
			<xmax>1665</xmax>
			<ymax>830</ymax>
		</bndbox>
	</object>
	<object>
		<name>persimmon</name>
		<pose>Unspecified</pose>
		<truncated>0</truncated>
		<difficult>1</difficult>
		<bndbox>
			<xmin>1399</xmin>
			<ymin>498</ymin>
			<xmax>1637</xmax>
			<ymax>681</ymax>
		</bndbox>
	</object>
	<object>
		<name>persimmon</name>
		<pose>Unspecified</pose>
		<truncated>0</truncated>
		<difficult>1</difficult>
		<bndbox>
			<xmin>1402</xmin>
			<ymin>784</ymin>
			<xmax>1529</xmax>
			<ymax>871</ymax>
		</bndbox>
	</object>
	<object>
		<name>persimmon</name>
		<pose>Unspecified</pose>
		<truncated>0</truncated>
		<difficult>1</difficult>
		<bndbox>
			<xmin>1547</xmin>
			<ymin>852</ymin>
			<xmax>1673</xmax>
			<ymax>977</ymax>
		</bndbox>
	</object>
	<object>
		<name>persimmon</name>
		<pose>Unspecified</pose>
		<truncated>0</truncated>
		<difficult>1</difficult>
		<bndbox>
			<xmin>911</xmin>
			<ymin>687</ymin>
			<xmax>1096</xmax>
			<ymax>913</ymax>
		</bndbox>
	</object>
	<object>
		<name>persimmon</name>
		<pose>Unspecified</pose>
		<truncated>0</truncated>
		<difficult>1</difficult>
		<bndbox>
			<xmin>1177</xmin>
			<ymin>973</ymin>
			<xmax>1396</xmax>
			<ymax>1177</ymax>
		</bndbox>
	</object>
	<object>
		<name>persimmon</name>
		<pose>Unspecified</pose>
		<truncated>0</truncated>
		<difficult>1</difficult>
		<bndbox>
			<xmin>1193</xmin>
			<ymin>1305</ymin>
			<xmax>1345</xmax>
			<ymax>1456</ymax>
		</bndbox>
	</object>
	<object>
		<name>persimmon</name>
		<pose>Unspecified</pose>
		<truncated>0</truncated>
		<difficult>1</difficult>
		<bndbox>
			<xmin>1533</xmin>
			<ymin>1187</ymin>
			<xmax>1901</xmax>
			<ymax>1525</ymax>
		</bndbox>
	</object>
	<object>
		<name>persimmon</name>
		<pose>Unspecified</pose>
		<truncated>0</truncated>
		<difficult>1</difficult>
		<bndbox>
			<xmin>1872</xmin>
			<ymin>1468</ymin>
			<xmax>2109</xmax>
			<ymax>1721</ymax>
		</bndbox>
	</object>
	<object>
		<name>persimmon</name>
		<pose>Unspecified</pose>
		<truncated>0</truncated>
		<difficult>1</difficult>
		<bndbox>
			<xmin>1425</xmin>
			<ymin>1611</ymin>
			<xmax>1590</xmax>
			<ymax>1759</ymax>
		</bndbox>
	</object>
	<object>
		<name>persimmon</name>
		<pose>Unspecified</pose>
		<truncated>0</truncated>
		<difficult>1</difficult>
		<bndbox>
			<xmin>1601</xmin>
			<ymin>1755</ymin>
			<xmax>1818</xmax>
			<ymax>1965</ymax>
		</bndbox>
	</object>
	<object>
		<name>persimmon</name>
		<pose>Unspecified</pose>
		<truncated>0</truncated>
		<difficult>1</difficult>
		<bndbox>
			<xmin>1265</xmin>
			<ymin>2062</ymin>
			<xmax>1410</xmax>
			<ymax>2201</ymax>
		</bndbox>
	</object>
	<object>
		<name>persimmon</name>
		<pose>Unspecified</pose>
		<truncated>0</truncated>
		<difficult>1</difficult>
		<bndbox>
			<xmin>721</xmin>
			<ymin>1987</ymin>
			<xmax>1106</xmax>
			<ymax>2355</ymax>
		</bndbox>
	</object>
	<object>
		<name>persimmon</name>
		<pose>Unspecified</pose>
		<truncated>0</truncated>
		<difficult>1</difficult>
		<bndbox>
			<xmin>106</xmin>
			<ymin>1222</ymin>
			<xmax>261</xmax>
			<ymax>1361</ymax>
		</bndbox>
	</object>
	<object>
		<name>persimmon</name>
		<pose>Unspecified</pose>
		<truncated>0</truncated>
		<difficult>1</difficult>
		<bndbox>
			<xmin>135</xmin>
			<ymin>2400</ymin>
			<xmax>699</xmax>
			<ymax>2915</ymax>
		</bndbox>
	</object>
	<object>
		<name>persimmon</name>
		<pose>Unspecified</pose>
		<truncated>0</truncated>
		<difficult>1</difficult>
		<bndbox>
			<xmin>1159</xmin>
			<ymin>2530</ymin>
			<xmax>1308</xmax>
			<ymax>2672</ymax>
		</bndbox>
	</object>
	<object>
		<name>persimmon</name>
		<pose>Unspecified</pose>
		<truncated>1</truncated>
		<difficult>1</difficult>
		<bndbox>
			<xmin>1</xmin>
			<ymin>1970</ymin>
			<xmax>506</xmax>
			<ymax>2399</ymax>
		</bndbox>
	</object>
</annotation>
