<annotation>
	<folder>1054-1200</folder>
	<filename>1078.JPEG</filename>
	<path>D:\1054-1200\1078.JPEG</path>
	<source>
		<database>Unknown</database>
	</source>
	<size>
		<width>5472</width>
		<height>2832</height>
		<depth>3</depth>
	</size>
	<segmented>0</segmented>
	<object>
		<name>persimmon</name>
		<pose>Unspecified</pose>
		<truncated>0</truncated>
		<difficult>0</difficult>
		<bndbox>
			<xmin>1192</xmin>
			<ymin>2676</ymin>
			<xmax>1336</xmax>
			<ymax>2815</ymax>
		</bndbox>
	</object>
	<object>
		<name>persimmon</name>
		<pose>Unspecified</pose>
		<truncated>0</truncated>
		<difficult>0</difficult>
		<bndbox>
			<xmin>1343</xmin>
			<ymin>2680</ymin>
			<xmax>1468</xmax>
			<ymax>2812</ymax>
		</bndbox>
	</object>
	<object>
		<name>persimmon</name>
		<pose>Unspecified</pose>
		<truncated>0</truncated>
		<difficult>0</difficult>
		<bndbox>
			<xmin>1060</xmin>
			<ymin>2455</ymin>
			<xmax>1191</xmax>
			<ymax>2584</ymax>
		</bndbox>
	</object>
	<object>
		<name>persimmon</name>
		<pose>Unspecified</pose>
		<truncated>0</truncated>
		<difficult>0</difficult>
		<bndbox>
			<xmin>1251</xmin>
			<ymin>2430</ymin>
			<xmax>1380</xmax>
			<ymax>2542</ymax>
		</bndbox>
	</object>
	<object>
		<name>persimmon</name>
		<pose>Unspecified</pose>
		<truncated>0</truncated>
		<difficult>0</difficult>
		<bndbox>
			<xmin>1366</xmin>
			<ymin>2269</ymin>
			<xmax>1453</xmax>
			<ymax>2350</ymax>
		</bndbox>
	</object>
	<object>
		<name>persimmon</name>
		<pose>Unspecified</pose>
		<truncated>0</truncated>
		<difficult>0</difficult>
		<bndbox>
			<xmin>1328</xmin>
			<ymin>2314</ymin>
			<xmax>1404</xmax>
			<ymax>2389</ymax>
		</bndbox>
	</object>
	<object>
		<name>persimmon</name>
		<pose>Unspecified</pose>
		<truncated>0</truncated>
		<difficult>0</difficult>
		<bndbox>
			<xmin>1314</xmin>
			<ymin>2163</ymin>
			<xmax>1395</xmax>
			<ymax>2248</ymax>
		</bndbox>
	</object>
	<object>
		<name>persimmon</name>
		<pose>Unspecified</pose>
		<truncated>0</truncated>
		<difficult>0</difficult>
		<bndbox>
			<xmin>1265</xmin>
			<ymin>2062</ymin>
			<xmax>1354</xmax>
			<ymax>2151</ymax>
		</bndbox>
	</object>
	<object>
		<name>persimmon</name>
		<pose>Unspecified</pose>
		<truncated>0</truncated>
		<difficult>0</difficult>
		<bndbox>
			<xmin>1521</xmin>
			<ymin>2013</ymin>
			<xmax>1608</xmax>
			<ymax>2093</ymax>
		</bndbox>
	</object>
	<object>
		<name>persimmon</name>
		<pose>Unspecified</pose>
		<truncated>0</truncated>
		<difficult>0</difficult>
		<bndbox>
			<xmin>1165</xmin>
			<ymin>1997</ymin>
			<xmax>1253</xmax>
			<ymax>2092</ymax>
		</bndbox>
	</object>
	<object>
		<name>persimmon</name>
		<pose>Unspecified</pose>
		<truncated>0</truncated>
		<difficult>0</difficult>
		<bndbox>
			<xmin>1154</xmin>
			<ymin>2090</ymin>
			<xmax>1231</xmax>
			<ymax>2177</ymax>
		</bndbox>
	</object>
	<object>
		<name>persimmon</name>
		<pose>Unspecified</pose>
		<truncated>0</truncated>
		<difficult>0</difficult>
		<bndbox>
			<xmin>890</xmin>
			<ymin>1839</ymin>
			<xmax>1022</xmax>
			<ymax>1966</ymax>
		</bndbox>
	</object>
	<object>
		<name>persimmon</name>
		<pose>Unspecified</pose>
		<truncated>0</truncated>
		<difficult>0</difficult>
		<bndbox>
			<xmin>1003</xmin>
			<ymin>1847</ymin>
			<xmax>1109</xmax>
			<ymax>1976</ymax>
		</bndbox>
	</object>
	<object>
		<name>persimmon</name>
		<pose>Unspecified</pose>
		<truncated>0</truncated>
		<difficult>0</difficult>
		<bndbox>
			<xmin>882</xmin>
			<ymin>1936</ymin>
			<xmax>1029</xmax>
			<ymax>2052</ymax>
		</bndbox>
	</object>
	<object>
		<name>persimmon</name>
		<pose>Unspecified</pose>
		<truncated>0</truncated>
		<difficult>0</difficult>
		<bndbox>
			<xmin>875</xmin>
			<ymin>2023</ymin>
			<xmax>988</xmax>
			<ymax>2116</ymax>
		</bndbox>
	</object>
	<object>
		<name>persimmon</name>
		<pose>Unspecified</pose>
		<truncated>0</truncated>
		<difficult>0</difficult>
		<bndbox>
			<xmin>809</xmin>
			<ymin>1985</ymin>
			<xmax>891</xmax>
			<ymax>2078</ymax>
		</bndbox>
	</object>
	<object>
		<name>persimmon</name>
		<pose>Unspecified</pose>
		<truncated>0</truncated>
		<difficult>0</difficult>
		<bndbox>
			<xmin>778</xmin>
			<ymin>1719</ymin>
			<xmax>903</xmax>
			<ymax>1854</ymax>
		</bndbox>
	</object>
	<object>
		<name>persimmon</name>
		<pose>Unspecified</pose>
		<truncated>0</truncated>
		<difficult>0</difficult>
		<bndbox>
			<xmin>496</xmin>
			<ymin>1745</ymin>
			<xmax>660</xmax>
			<ymax>1892</ymax>
		</bndbox>
	</object>
	<object>
		<name>persimmon</name>
		<pose>Unspecified</pose>
		<truncated>0</truncated>
		<difficult>0</difficult>
		<bndbox>
			<xmin>552</xmin>
			<ymin>1868</ymin>
			<xmax>669</xmax>
			<ymax>1965</ymax>
		</bndbox>
	</object>
	<object>
		<name>persimmon</name>
		<pose>Unspecified</pose>
		<truncated>0</truncated>
		<difficult>0</difficult>
		<bndbox>
			<xmin>1008</xmin>
			<ymin>1549</ymin>
			<xmax>1105</xmax>
			<ymax>1622</ymax>
		</bndbox>
	</object>
	<object>
		<name>persimmon</name>
		<pose>Unspecified</pose>
		<truncated>0</truncated>
		<difficult>0</difficult>
		<bndbox>
			<xmin>13</xmin>
			<ymin>2365</ymin>
			<xmax>180</xmax>
			<ymax>2524</ymax>
		</bndbox>
	</object>
	<object>
		<name>persimmon</name>
		<pose>Unspecified</pose>
		<truncated>0</truncated>
		<difficult>0</difficult>
		<bndbox>
			<xmin>161</xmin>
			<ymin>2329</ymin>
			<xmax>280</xmax>
			<ymax>2447</ymax>
		</bndbox>
	</object>
	<object>
		<name>persimmon</name>
		<pose>Unspecified</pose>
		<truncated>0</truncated>
		<difficult>0</difficult>
		<bndbox>
			<xmin>13</xmin>
			<ymin>2100</ymin>
			<xmax>165</xmax>
			<ymax>2242</ymax>
		</bndbox>
	</object>
	<object>
		<name>persimmon</name>
		<pose>Unspecified</pose>
		<truncated>0</truncated>
		<difficult>0</difficult>
		<bndbox>
			<xmin>80</xmin>
			<ymin>2170</ymin>
			<xmax>219</xmax>
			<ymax>2307</ymax>
		</bndbox>
	</object>
	<object>
		<name>persimmon</name>
		<pose>Unspecified</pose>
		<truncated>0</truncated>
		<difficult>0</difficult>
		<bndbox>
			<xmin>452</xmin>
			<ymin>1121</ymin>
			<xmax>529</xmax>
			<ymax>1234</ymax>
		</bndbox>
	</object>
	<object>
		<name>persimmon</name>
		<pose>Unspecified</pose>
		<truncated>0</truncated>
		<difficult>0</difficult>
		<bndbox>
			<xmin>529</xmin>
			<ymin>864</ymin>
			<xmax>644</xmax>
			<ymax>986</ymax>
		</bndbox>
	</object>
	<object>
		<name>persimmon</name>
		<pose>Unspecified</pose>
		<truncated>0</truncated>
		<difficult>0</difficult>
		<bndbox>
			<xmin>711</xmin>
			<ymin>1127</ymin>
			<xmax>803</xmax>
			<ymax>1232</ymax>
		</bndbox>
	</object>
	<object>
		<name>persimmon</name>
		<pose>Unspecified</pose>
		<truncated>0</truncated>
		<difficult>0</difficult>
		<bndbox>
			<xmin>895</xmin>
			<ymin>1211</ymin>
			<xmax>961</xmax>
			<ymax>1274</ymax>
		</bndbox>
	</object>
	<object>
		<name>persimmon</name>
		<pose>Unspecified</pose>
		<truncated>0</truncated>
		<difficult>0</difficult>
		<bndbox>
			<xmin>937</xmin>
			<ymin>1065</ymin>
			<xmax>996</xmax>
			<ymax>1151</ymax>
		</bndbox>
	</object>
	<object>
		<name>persimmon</name>
		<pose>Unspecified</pose>
		<truncated>0</truncated>
		<difficult>0</difficult>
		<bndbox>
			<xmin>971</xmin>
			<ymin>544</ymin>
			<xmax>1083</xmax>
			<ymax>630</ymax>
		</bndbox>
	</object>
	<object>
		<name>persimmon</name>
		<pose>Unspecified</pose>
		<truncated>0</truncated>
		<difficult>0</difficult>
		<bndbox>
			<xmin>1226</xmin>
			<ymin>1003</ymin>
			<xmax>1325</xmax>
			<ymax>1095</ymax>
		</bndbox>
	</object>
	<object>
		<name>persimmon</name>
		<pose>Unspecified</pose>
		<truncated>0</truncated>
		<difficult>0</difficult>
		<bndbox>
			<xmin>1289</xmin>
			<ymin>1104</ymin>
			<xmax>1386</xmax>
			<ymax>1199</ymax>
		</bndbox>
	</object>
	<object>
		<name>persimmon</name>
		<pose>Unspecified</pose>
		<truncated>0</truncated>
		<difficult>0</difficult>
		<bndbox>
			<xmin>1479</xmin>
			<ymin>1083</ymin>
			<xmax>1578</xmax>
			<ymax>1178</ymax>
		</bndbox>
	</object>
	<object>
		<name>persimmon</name>
		<pose>Unspecified</pose>
		<truncated>0</truncated>
		<difficult>0</difficult>
		<bndbox>
			<xmin>1761</xmin>
			<ymin>1221</ymin>
			<xmax>1859</xmax>
			<ymax>1318</ymax>
		</bndbox>
	</object>
	<object>
		<name>persimmon</name>
		<pose>Unspecified</pose>
		<truncated>0</truncated>
		<difficult>0</difficult>
		<bndbox>
			<xmin>1872</xmin>
			<ymin>1336</ymin>
			<xmax>1931</xmax>
			<ymax>1411</ymax>
		</bndbox>
	</object>
	<object>
		<name>persimmon</name>
		<pose>Unspecified</pose>
		<truncated>0</truncated>
		<difficult>0</difficult>
		<bndbox>
			<xmin>1906</xmin>
			<ymin>1312</ymin>
			<xmax>1993</xmax>
			<ymax>1405</ymax>
		</bndbox>
	</object>
	<object>
		<name>persimmon</name>
		<pose>Unspecified</pose>
		<truncated>0</truncated>
		<difficult>0</difficult>
		<bndbox>
			<xmin>1877</xmin>
			<ymin>1217</ymin>
			<xmax>1960</xmax>
			<ymax>1307</ymax>
		</bndbox>
	</object>
	<object>
		<name>persimmon</name>
		<pose>Unspecified</pose>
		<truncated>0</truncated>
		<difficult>0</difficult>
		<bndbox>
			<xmin>1913</xmin>
			<ymin>1154</ymin>
			<xmax>2007</xmax>
			<ymax>1257</ymax>
		</bndbox>
	</object>
	<object>
		<name>persimmon</name>
		<pose>Unspecified</pose>
		<truncated>0</truncated>
		<difficult>0</difficult>
		<bndbox>
			<xmin>1761</xmin>
			<ymin>1126</ymin>
			<xmax>1851</xmax>
			<ymax>1202</ymax>
		</bndbox>
	</object>
	<object>
		<name>persimmon</name>
		<pose>Unspecified</pose>
		<truncated>0</truncated>
		<difficult>0</difficult>
		<bndbox>
			<xmin>1747</xmin>
			<ymin>1067</ymin>
			<xmax>1848</xmax>
			<ymax>1147</ymax>
		</bndbox>
	</object>
	<object>
		<name>persimmon</name>
		<pose>Unspecified</pose>
		<truncated>0</truncated>
		<difficult>0</difficult>
		<bndbox>
			<xmin>1759</xmin>
			<ymin>973</ymin>
			<xmax>1862</xmax>
			<ymax>1052</ymax>
		</bndbox>
	</object>
	<object>
		<name>persimmon</name>
		<pose>Unspecified</pose>
		<truncated>0</truncated>
		<difficult>0</difficult>
		<bndbox>
			<xmin>1719</xmin>
			<ymin>297</ymin>
			<xmax>1841</xmax>
			<ymax>429</ymax>
		</bndbox>
	</object>
	<object>
		<name>persimmon</name>
		<pose>Unspecified</pose>
		<truncated>0</truncated>
		<difficult>0</difficult>
		<bndbox>
			<xmin>1848</xmin>
			<ymin>389</ymin>
			<xmax>1968</xmax>
			<ymax>502</ymax>
		</bndbox>
	</object>
	<object>
		<name>persimmon</name>
		<pose>Unspecified</pose>
		<truncated>0</truncated>
		<difficult>0</difficult>
		<bndbox>
			<xmin>1856</xmin>
			<ymin>480</ymin>
			<xmax>1987</xmax>
			<ymax>620</ymax>
		</bndbox>
	</object>
	<object>
		<name>persimmon</name>
		<pose>Unspecified</pose>
		<truncated>0</truncated>
		<difficult>0</difficult>
		<bndbox>
			<xmin>1571</xmin>
			<ymin>186</ymin>
			<xmax>1669</xmax>
			<ymax>289</ymax>
		</bndbox>
	</object>
	<object>
		<name>persimmon</name>
		<pose>Unspecified</pose>
		<truncated>0</truncated>
		<difficult>0</difficult>
		<bndbox>
			<xmin>1229</xmin>
			<ymin>8</ymin>
			<xmax>1342</xmax>
			<ymax>152</ymax>
		</bndbox>
	</object>
	<object>
		<name>persimmon</name>
		<pose>Unspecified</pose>
		<truncated>0</truncated>
		<difficult>0</difficult>
		<bndbox>
			<xmin>1200</xmin>
			<ymin>223</ymin>
			<xmax>1325</xmax>
			<ymax>342</ymax>
		</bndbox>
	</object>
	<object>
		<name>persimmon</name>
		<pose>Unspecified</pose>
		<truncated>0</truncated>
		<difficult>0</difficult>
		<bndbox>
			<xmin>2601</xmin>
			<ymin>1256</ymin>
			<xmax>2710</xmax>
			<ymax>1391</ymax>
		</bndbox>
	</object>
	<object>
		<name>persimmon</name>
		<pose>Unspecified</pose>
		<truncated>0</truncated>
		<difficult>0</difficult>
		<bndbox>
			<xmin>2712</xmin>
			<ymin>1331</ymin>
			<xmax>2817</xmax>
			<ymax>1468</ymax>
		</bndbox>
	</object>
	<object>
		<name>persimmon</name>
		<pose>Unspecified</pose>
		<truncated>0</truncated>
		<difficult>0</difficult>
		<bndbox>
			<xmin>2594</xmin>
			<ymin>932</ymin>
			<xmax>2727</xmax>
			<ymax>1067</ymax>
		</bndbox>
	</object>
	<object>
		<name>persimmon</name>
		<pose>Unspecified</pose>
		<truncated>0</truncated>
		<difficult>0</difficult>
		<bndbox>
			<xmin>2611</xmin>
			<ymin>823</ymin>
			<xmax>2760</xmax>
			<ymax>960</ymax>
		</bndbox>
	</object>
	<object>
		<name>persimmon</name>
		<pose>Unspecified</pose>
		<truncated>0</truncated>
		<difficult>0</difficult>
		<bndbox>
			<xmin>3147</xmin>
			<ymin>223</ymin>
			<xmax>3244</xmax>
			<ymax>340</ymax>
		</bndbox>
	</object>
	<object>
		<name>persimmon</name>
		<pose>Unspecified</pose>
		<truncated>0</truncated>
		<difficult>0</difficult>
		<bndbox>
			<xmin>3213</xmin>
			<ymin>298</ymin>
			<xmax>3335</xmax>
			<ymax>404</ymax>
		</bndbox>
	</object>
	<object>
		<name>persimmon</name>
		<pose>Unspecified</pose>
		<truncated>0</truncated>
		<difficult>0</difficult>
		<bndbox>
			<xmin>3451</xmin>
			<ymin>516</ymin>
			<xmax>3593</xmax>
			<ymax>666</ymax>
		</bndbox>
	</object>
	<object>
		<name>persimmon</name>
		<pose>Unspecified</pose>
		<truncated>0</truncated>
		<difficult>0</difficult>
		<bndbox>
			<xmin>3530</xmin>
			<ymin>511</ymin>
			<xmax>3623</xmax>
			<ymax>628</ymax>
		</bndbox>
	</object>
	<object>
		<name>persimmon</name>
		<pose>Unspecified</pose>
		<truncated>0</truncated>
		<difficult>0</difficult>
		<bndbox>
			<xmin>3471</xmin>
			<ymin>637</ymin>
			<xmax>3613</xmax>
			<ymax>760</ymax>
		</bndbox>
	</object>
	<object>
		<name>persimmon</name>
		<pose>Unspecified</pose>
		<truncated>0</truncated>
		<difficult>0</difficult>
		<bndbox>
			<xmin>3345</xmin>
			<ymin>685</ymin>
			<xmax>3487</xmax>
			<ymax>829</ymax>
		</bndbox>
	</object>
	<object>
		<name>persimmon</name>
		<pose>Unspecified</pose>
		<truncated>0</truncated>
		<difficult>0</difficult>
		<bndbox>
			<xmin>3318</xmin>
			<ymin>795</ymin>
			<xmax>3404</xmax>
			<ymax>909</ymax>
		</bndbox>
	</object>
	<object>
		<name>persimmon</name>
		<pose>Unspecified</pose>
		<truncated>0</truncated>
		<difficult>0</difficult>
		<bndbox>
			<xmin>3411</xmin>
			<ymin>796</ymin>
			<xmax>3542</xmax>
			<ymax>927</ymax>
		</bndbox>
	</object>
	<object>
		<name>persimmon</name>
		<pose>Unspecified</pose>
		<truncated>0</truncated>
		<difficult>0</difficult>
		<bndbox>
			<xmin>3185</xmin>
			<ymin>769</ymin>
			<xmax>3286</xmax>
			<ymax>860</ymax>
		</bndbox>
	</object>
	<object>
		<name>persimmon</name>
		<pose>Unspecified</pose>
		<truncated>0</truncated>
		<difficult>0</difficult>
		<bndbox>
			<xmin>3205</xmin>
			<ymin>670</ymin>
			<xmax>3325</xmax>
			<ymax>774</ymax>
		</bndbox>
	</object>
	<object>
		<name>persimmon</name>
		<pose>Unspecified</pose>
		<truncated>0</truncated>
		<difficult>0</difficult>
		<bndbox>
			<xmin>3961</xmin>
			<ymin>2245</ymin>
			<xmax>4118</xmax>
			<ymax>2403</ymax>
		</bndbox>
	</object>
	<object>
		<name>persimmon</name>
		<pose>Unspecified</pose>
		<truncated>0</truncated>
		<difficult>0</difficult>
		<bndbox>
			<xmin>3817</xmin>
			<ymin>2198</ymin>
			<xmax>3966</xmax>
			<ymax>2324</ymax>
		</bndbox>
	</object>
	<object>
		<name>persimmon</name>
		<pose>Unspecified</pose>
		<truncated>0</truncated>
		<difficult>0</difficult>
		<bndbox>
			<xmin>3788</xmin>
			<ymin>2366</ymin>
			<xmax>3875</xmax>
			<ymax>2423</ymax>
		</bndbox>
	</object>
	<object>
		<name>persimmon</name>
		<pose>Unspecified</pose>
		<truncated>0</truncated>
		<difficult>0</difficult>
		<bndbox>
			<xmin>3797</xmin>
			<ymin>2103</ymin>
			<xmax>3942</xmax>
			<ymax>2235</ymax>
		</bndbox>
	</object>
	<object>
		<name>persimmon</name>
		<pose>Unspecified</pose>
		<truncated>0</truncated>
		<difficult>0</difficult>
		<bndbox>
			<xmin>3926</xmin>
			<ymin>2057</ymin>
			<xmax>4074</xmax>
			<ymax>2211</ymax>
		</bndbox>
	</object>
	<object>
		<name>persimmon</name>
		<pose>Unspecified</pose>
		<truncated>0</truncated>
		<difficult>0</difficult>
		<bndbox>
			<xmin>3633</xmin>
			<ymin>1993</ymin>
			<xmax>3759</xmax>
			<ymax>2120</ymax>
		</bndbox>
	</object>
	<object>
		<name>persimmon</name>
		<pose>Unspecified</pose>
		<truncated>0</truncated>
		<difficult>0</difficult>
		<bndbox>
			<xmin>3551</xmin>
			<ymin>1905</ymin>
			<xmax>3683</xmax>
			<ymax>2029</ymax>
		</bndbox>
	</object>
	<object>
		<name>persimmon</name>
		<pose>Unspecified</pose>
		<truncated>0</truncated>
		<difficult>0</difficult>
		<bndbox>
			<xmin>3190</xmin>
			<ymin>1644</ymin>
			<xmax>3298</xmax>
			<ymax>1757</ymax>
		</bndbox>
	</object>
	<object>
		<name>persimmon</name>
		<pose>Unspecified</pose>
		<truncated>0</truncated>
		<difficult>0</difficult>
		<bndbox>
			<xmin>3270</xmin>
			<ymin>1550</ymin>
			<xmax>3383</xmax>
			<ymax>1658</ymax>
		</bndbox>
	</object>
	<object>
		<name>persimmon</name>
		<pose>Unspecified</pose>
		<truncated>0</truncated>
		<difficult>0</difficult>
		<bndbox>
			<xmin>5317</xmin>
			<ymin>2023</ymin>
			<xmax>5471</xmax>
			<ymax>2161</ymax>
		</bndbox>
	</object>
	<object>
		<name>persimmon</name>
		<pose>Unspecified</pose>
		<truncated>0</truncated>
		<difficult>0</difficult>
		<bndbox>
			<xmin>5285</xmin>
			<ymin>1862</ymin>
			<xmax>5444</xmax>
			<ymax>1994</ymax>
		</bndbox>
	</object>
	<object>
		<name>persimmon</name>
		<pose>Unspecified</pose>
		<truncated>0</truncated>
		<difficult>0</difficult>
		<bndbox>
			<xmin>5030</xmin>
			<ymin>1716</ymin>
			<xmax>5205</xmax>
			<ymax>1867</ymax>
		</bndbox>
	</object>
	<object>
		<name>persimmon</name>
		<pose>Unspecified</pose>
		<truncated>0</truncated>
		<difficult>0</difficult>
		<bndbox>
			<xmin>5089</xmin>
			<ymin>1821</ymin>
			<xmax>5278</xmax>
			<ymax>1980</ymax>
		</bndbox>
	</object>
	<object>
		<name>persimmon</name>
		<pose>Unspecified</pose>
		<truncated>0</truncated>
		<difficult>0</difficult>
		<bndbox>
			<xmin>4630</xmin>
			<ymin>1583</ymin>
			<xmax>4738</xmax>
			<ymax>1692</ymax>
		</bndbox>
	</object>
	<object>
		<name>persimmon</name>
		<pose>Unspecified</pose>
		<truncated>0</truncated>
		<difficult>0</difficult>
		<bndbox>
			<xmin>4454</xmin>
			<ymin>1590</ymin>
			<xmax>4523</xmax>
			<ymax>1693</ymax>
		</bndbox>
	</object>
	<object>
		<name>persimmon</name>
		<pose>Unspecified</pose>
		<truncated>0</truncated>
		<difficult>0</difficult>
		<bndbox>
			<xmin>5007</xmin>
			<ymin>1140</ymin>
			<xmax>5120</xmax>
			<ymax>1240</ymax>
		</bndbox>
	</object>
	<object>
		<name>persimmon</name>
		<pose>Unspecified</pose>
		<truncated>0</truncated>
		<difficult>0</difficult>
		<bndbox>
			<xmin>5091</xmin>
			<ymin>380</ymin>
			<xmax>5258</xmax>
			<ymax>525</ymax>
		</bndbox>
	</object>
	<object>
		<name>persimmon</name>
		<pose>Unspecified</pose>
		<truncated>1</truncated>
		<difficult>0</difficult>
		<bndbox>
			<xmin>5328</xmin>
			<ymin>1050</ymin>
			<xmax>5472</xmax>
			<ymax>1216</ymax>
		</bndbox>
	</object>
	<object>
		<name>persimmon</name>
		<pose>Unspecified</pose>
		<truncated>0</truncated>
		<difficult>0</difficult>
		<bndbox>
			<xmin>3980</xmin>
			<ymin>1386</ymin>
			<xmax>4083</xmax>
			<ymax>1530</ymax>
		</bndbox>
	</object>
	<object>
		<name>persimmon</name>
		<pose>Unspecified</pose>
		<truncated>0</truncated>
		<difficult>0</difficult>
		<bndbox>
			<xmin>3909</xmin>
			<ymin>1343</ymin>
			<xmax>3999</xmax>
			<ymax>1469</ymax>
		</bndbox>
	</object>
	<object>
		<name>persimmon</name>
		<pose>Unspecified</pose>
		<truncated>0</truncated>
		<difficult>0</difficult>
		<bndbox>
			<xmin>4107</xmin>
			<ymin>1136</ymin>
			<xmax>4237</xmax>
			<ymax>1262</ymax>
		</bndbox>
	</object>
	<object>
		<name>persimmon</name>
		<pose>Unspecified</pose>
		<truncated>0</truncated>
		<difficult>0</difficult>
		<bndbox>
			<xmin>3739</xmin>
			<ymin>1204</ymin>
			<xmax>3866</xmax>
			<ymax>1330</ymax>
		</bndbox>
	</object>
	<object>
		<name>persimmon</name>
		<pose>Unspecified</pose>
		<truncated>0</truncated>
		<difficult>0</difficult>
		<bndbox>
			<xmin>3962</xmin>
			<ymin>988</ymin>
			<xmax>4099</xmax>
			<ymax>1114</ymax>
		</bndbox>
	</object>
	<object>
		<name>persimmon</name>
		<pose>Unspecified</pose>
		<truncated>0</truncated>
		<difficult>0</difficult>
		<bndbox>
			<xmin>3772</xmin>
			<ymin>932</ymin>
			<xmax>3906</xmax>
			<ymax>1058</ymax>
		</bndbox>
	</object>
	<object>
		<name>persimmon</name>
		<pose>Unspecified</pose>
		<truncated>0</truncated>
		<difficult>0</difficult>
		<bndbox>
			<xmin>3683</xmin>
			<ymin>1063</ymin>
			<xmax>3777</xmax>
			<ymax>1192</ymax>
		</bndbox>
	</object>
	<object>
		<name>persimmon</name>
		<pose>Unspecified</pose>
		<truncated>0</truncated>
		<difficult>0</difficult>
		<bndbox>
			<xmin>3552</xmin>
			<ymin>1104</ymin>
			<xmax>3641</xmax>
			<ymax>1203</ymax>
		</bndbox>
	</object>
	<object>
		<name>persimmon</name>
		<pose>Unspecified</pose>
		<truncated>0</truncated>
		<difficult>0</difficult>
		<bndbox>
			<xmin>3597</xmin>
			<ymin>960</ymin>
			<xmax>3741</xmax>
			<ymax>1088</ymax>
		</bndbox>
	</object>
</annotation>
