<annotation>
	<folder>1054-1200</folder>
	<filename>1122.JPEG</filename>
	<path>D:\1054-1200\1122.JPEG</path>
	<source>
		<database>Unknown</database>
	</source>
	<size>
		<width>2848</width>
		<height>3157</height>
		<depth>3</depth>
	</size>
	<segmented>0</segmented>
	<object>
		<name>persimmon</name>
		<pose>Unspecified</pose>
		<truncated>0</truncated>
		<difficult>0</difficult>
		<bndbox>
			<xmin>749</xmin>
			<ymin>74</ymin>
			<xmax>863</xmax>
			<ymax>192</ymax>
		</bndbox>
	</object>
	<object>
		<name>persimmon</name>
		<pose>Unspecified</pose>
		<truncated>0</truncated>
		<difficult>0</difficult>
		<bndbox>
			<xmin>1610</xmin>
			<ymin>398</ymin>
			<xmax>1734</xmax>
			<ymax>597</ymax>
		</bndbox>
	</object>
	<object>
		<name>persimmon</name>
		<pose>Unspecified</pose>
		<truncated>0</truncated>
		<difficult>0</difficult>
		<bndbox>
			<xmin>1639</xmin>
			<ymin>121</ymin>
			<xmax>1777</xmax>
			<ymax>234</ymax>
		</bndbox>
	</object>
	<object>
		<name>persimmon</name>
		<pose>Unspecified</pose>
		<truncated>0</truncated>
		<difficult>0</difficult>
		<bndbox>
			<xmin>2137</xmin>
			<ymin>87</ymin>
			<xmax>2253</xmax>
			<ymax>228</ymax>
		</bndbox>
	</object>
	<object>
		<name>persimmon</name>
		<pose>Unspecified</pose>
		<truncated>0</truncated>
		<difficult>0</difficult>
		<bndbox>
			<xmin>1726</xmin>
			<ymin>665</ymin>
			<xmax>1872</xmax>
			<ymax>782</ymax>
		</bndbox>
	</object>
	<object>
		<name>persimmon</name>
		<pose>Unspecified</pose>
		<truncated>0</truncated>
		<difficult>0</difficult>
		<bndbox>
			<xmin>2283</xmin>
			<ymin>776</ymin>
			<xmax>2370</xmax>
			<ymax>864</ymax>
		</bndbox>
	</object>
	<object>
		<name>persimmon</name>
		<pose>Unspecified</pose>
		<truncated>0</truncated>
		<difficult>0</difficult>
		<bndbox>
			<xmin>1952</xmin>
			<ymin>761</ymin>
			<xmax>2059</xmax>
			<ymax>856</ymax>
		</bndbox>
	</object>
	<object>
		<name>persimmon</name>
		<pose>Unspecified</pose>
		<truncated>0</truncated>
		<difficult>0</difficult>
		<bndbox>
			<xmin>1843</xmin>
			<ymin>875</ymin>
			<xmax>1947</xmax>
			<ymax>985</ymax>
		</bndbox>
	</object>
	<object>
		<name>persimmon</name>
		<pose>Unspecified</pose>
		<truncated>0</truncated>
		<difficult>0</difficult>
		<bndbox>
			<xmin>2277</xmin>
			<ymin>897</ymin>
			<xmax>2362</xmax>
			<ymax>985</ymax>
		</bndbox>
	</object>
	<object>
		<name>persimmon</name>
		<pose>Unspecified</pose>
		<truncated>0</truncated>
		<difficult>0</difficult>
		<bndbox>
			<xmin>1129</xmin>
			<ymin>857</ymin>
			<xmax>1270</xmax>
			<ymax>986</ymax>
		</bndbox>
	</object>
	<object>
		<name>persimmon</name>
		<pose>Unspecified</pose>
		<truncated>0</truncated>
		<difficult>0</difficult>
		<bndbox>
			<xmin>1618</xmin>
			<ymin>1069</ymin>
			<xmax>1717</xmax>
			<ymax>1163</ymax>
		</bndbox>
	</object>
	<object>
		<name>persimmon</name>
		<pose>Unspecified</pose>
		<truncated>0</truncated>
		<difficult>0</difficult>
		<bndbox>
			<xmin>1340</xmin>
			<ymin>1202</ymin>
			<xmax>1488</xmax>
			<ymax>1335</ymax>
		</bndbox>
	</object>
	<object>
		<name>persimmon</name>
		<pose>Unspecified</pose>
		<truncated>0</truncated>
		<difficult>0</difficult>
		<bndbox>
			<xmin>731</xmin>
			<ymin>1337</ymin>
			<xmax>852</xmax>
			<ymax>1471</ymax>
		</bndbox>
	</object>
	<object>
		<name>persimmon</name>
		<pose>Unspecified</pose>
		<truncated>0</truncated>
		<difficult>0</difficult>
		<bndbox>
			<xmin>862</xmin>
			<ymin>1469</ymin>
			<xmax>1015</xmax>
			<ymax>1580</ymax>
		</bndbox>
	</object>
	<object>
		<name>persimmon</name>
		<pose>Unspecified</pose>
		<truncated>0</truncated>
		<difficult>0</difficult>
		<bndbox>
			<xmin>1359</xmin>
			<ymin>1970</ymin>
			<xmax>1465</xmax>
			<ymax>2067</ymax>
		</bndbox>
	</object>
	<object>
		<name>persimmon</name>
		<pose>Unspecified</pose>
		<truncated>0</truncated>
		<difficult>0</difficult>
		<bndbox>
			<xmin>981</xmin>
			<ymin>2223</ymin>
			<xmax>1131</xmax>
			<ymax>2351</ymax>
		</bndbox>
	</object>
	<object>
		<name>persimmon</name>
		<pose>Unspecified</pose>
		<truncated>0</truncated>
		<difficult>0</difficult>
		<bndbox>
			<xmin>845</xmin>
			<ymin>2278</ymin>
			<xmax>986</xmax>
			<ymax>2395</ymax>
		</bndbox>
	</object>
	<object>
		<name>persimmon</name>
		<pose>Unspecified</pose>
		<truncated>0</truncated>
		<difficult>0</difficult>
		<bndbox>
			<xmin>952</xmin>
			<ymin>2400</ymin>
			<xmax>1122</xmax>
			<ymax>2490</ymax>
		</bndbox>
	</object>
	<object>
		<name>persimmon</name>
		<pose>Unspecified</pose>
		<truncated>0</truncated>
		<difficult>0</difficult>
		<bndbox>
			<xmin>579</xmin>
			<ymin>2379</ymin>
			<xmax>736</xmax>
			<ymax>2533</ymax>
		</bndbox>
	</object>
	<object>
		<name>persimmon</name>
		<pose>Unspecified</pose>
		<truncated>0</truncated>
		<difficult>0</difficult>
		<bndbox>
			<xmin>752</xmin>
			<ymin>2490</ymin>
			<xmax>901</xmax>
			<ymax>2627</ymax>
		</bndbox>
	</object>
	<object>
		<name>persimmon</name>
		<pose>Unspecified</pose>
		<truncated>0</truncated>
		<difficult>0</difficult>
		<bndbox>
			<xmin>852</xmin>
			<ymin>2626</ymin>
			<xmax>998</xmax>
			<ymax>2752</ymax>
		</bndbox>
	</object>
	<object>
		<name>persimmon</name>
		<pose>Unspecified</pose>
		<truncated>0</truncated>
		<difficult>0</difficult>
		<bndbox>
			<xmin>1853</xmin>
			<ymin>408</ymin>
			<xmax>1959</xmax>
			<ymax>529</ymax>
		</bndbox>
	</object>
	<object>
		<name>persimmon</name>
		<pose>Unspecified</pose>
		<truncated>0</truncated>
		<difficult>0</difficult>
		<bndbox>
			<xmin>2572</xmin>
			<ymin>1693</ymin>
			<xmax>2704</xmax>
			<ymax>1803</ymax>
		</bndbox>
	</object>
	<object>
		<name>persimmon</name>
		<pose>Unspecified</pose>
		<truncated>0</truncated>
		<difficult>0</difficult>
		<bndbox>
			<xmin>2452</xmin>
			<ymin>1393</ymin>
			<xmax>2542</xmax>
			<ymax>1484</ymax>
		</bndbox>
	</object>
	<object>
		<name>persimmon</name>
		<pose>Unspecified</pose>
		<truncated>0</truncated>
		<difficult>0</difficult>
		<bndbox>
			<xmin>2425</xmin>
			<ymin>1522</ymin>
			<xmax>2524</xmax>
			<ymax>1592</ymax>
		</bndbox>
	</object>
	<object>
		<name>persimmon</name>
		<pose>Unspecified</pose>
		<truncated>0</truncated>
		<difficult>0</difficult>
		<bndbox>
			<xmin>2407</xmin>
			<ymin>1578</ymin>
			<xmax>2483</xmax>
			<ymax>1661</ymax>
		</bndbox>
	</object>
	<object>
		<name>persimmon</name>
		<pose>Unspecified</pose>
		<truncated>0</truncated>
		<difficult>0</difficult>
		<bndbox>
			<xmin>2245</xmin>
			<ymin>861</ymin>
			<xmax>2350</xmax>
			<ymax>932</ymax>
		</bndbox>
	</object>
	<object>
		<name>persimmon</name>
		<pose>Unspecified</pose>
		<truncated>0</truncated>
		<difficult>0</difficult>
		<bndbox>
			<xmin>2333</xmin>
			<ymin>878</ymin>
			<xmax>2419</xmax>
			<ymax>955</ymax>
		</bndbox>
	</object>
	<object>
		<name>persimmon</name>
		<pose>Unspecified</pose>
		<truncated>0</truncated>
		<difficult>0</difficult>
		<bndbox>
			<xmin>2204</xmin>
			<ymin>1003</ymin>
			<xmax>2282</xmax>
			<ymax>1084</ymax>
		</bndbox>
	</object>
	<object>
		<name>persimmon</name>
		<pose>Unspecified</pose>
		<truncated>0</truncated>
		<difficult>0</difficult>
		<bndbox>
			<xmin>2208</xmin>
			<ymin>1202</ymin>
			<xmax>2294</xmax>
			<ymax>1280</ymax>
		</bndbox>
	</object>
	<object>
		<name>persimmon</name>
		<pose>Unspecified</pose>
		<truncated>0</truncated>
		<difficult>0</difficult>
		<bndbox>
			<xmin>2163</xmin>
			<ymin>1119</ymin>
			<xmax>2229</xmax>
			<ymax>1161</ymax>
		</bndbox>
	</object>
	<object>
		<name>persimmon</name>
		<pose>Unspecified</pose>
		<truncated>0</truncated>
		<difficult>0</difficult>
		<bndbox>
			<xmin>1253</xmin>
			<ymin>2139</ymin>
			<xmax>1343</xmax>
			<ymax>2235</ymax>
		</bndbox>
	</object>
	<object>
		<name>persimmon</name>
		<pose>Unspecified</pose>
		<truncated>0</truncated>
		<difficult>0</difficult>
		<bndbox>
			<xmin>1297</xmin>
			<ymin>1208</ymin>
			<xmax>1371</xmax>
			<ymax>1284</ymax>
		</bndbox>
	</object>
	<object>
		<name>persimmon</name>
		<pose>Unspecified</pose>
		<truncated>0</truncated>
		<difficult>0</difficult>
		<bndbox>
			<xmin>1410</xmin>
			<ymin>1345</ymin>
			<xmax>1491</xmax>
			<ymax>1428</ymax>
		</bndbox>
	</object>
	<object>
		<name>persimmon</name>
		<pose>Unspecified</pose>
		<truncated>0</truncated>
		<difficult>0</difficult>
		<bndbox>
			<xmin>1624</xmin>
			<ymin>1007</ymin>
			<xmax>1693</xmax>
			<ymax>1070</ymax>
		</bndbox>
	</object>
	<object>
		<name>persimmon</name>
		<pose>Unspecified</pose>
		<truncated>0</truncated>
		<difficult>0</difficult>
		<bndbox>
			<xmin>386</xmin>
			<ymin>1742</ymin>
			<xmax>482</xmax>
			<ymax>1844</ymax>
		</bndbox>
	</object>
	<object>
		<name>persimmon</name>
		<pose>Unspecified</pose>
		<truncated>0</truncated>
		<difficult>0</difficult>
		<bndbox>
			<xmin>255</xmin>
			<ymin>1747</ymin>
			<xmax>360</xmax>
			<ymax>1849</ymax>
		</bndbox>
	</object>
	<object>
		<name>persimmon</name>
		<pose>Unspecified</pose>
		<truncated>0</truncated>
		<difficult>0</difficult>
		<bndbox>
			<xmin>354</xmin>
			<ymin>2043</ymin>
			<xmax>466</xmax>
			<ymax>2152</ymax>
		</bndbox>
	</object>
	<object>
		<name>persimmon</name>
		<pose>Unspecified</pose>
		<truncated>0</truncated>
		<difficult>0</difficult>
		<bndbox>
			<xmin>553</xmin>
			<ymin>2037</ymin>
			<xmax>621</xmax>
			<ymax>2108</ymax>
		</bndbox>
	</object>
	<object>
		<name>persimmon</name>
		<pose>Unspecified</pose>
		<truncated>0</truncated>
		<difficult>0</difficult>
		<bndbox>
			<xmin>546</xmin>
			<ymin>2103</ymin>
			<xmax>613</xmax>
			<ymax>2184</ymax>
		</bndbox>
	</object>
	<object>
		<name>persimmon</name>
		<pose>Unspecified</pose>
		<truncated>0</truncated>
		<difficult>0</difficult>
		<bndbox>
			<xmin>608</xmin>
			<ymin>2078</ymin>
			<xmax>668</xmax>
			<ymax>2136</ymax>
		</bndbox>
	</object>
	<object>
		<name>persimmon</name>
		<pose>Unspecified</pose>
		<truncated>0</truncated>
		<difficult>0</difficult>
		<bndbox>
			<xmin>192</xmin>
			<ymin>2213</ymin>
			<xmax>293</xmax>
			<ymax>2291</ymax>
		</bndbox>
	</object>
	<object>
		<name>persimmon</name>
		<pose>Unspecified</pose>
		<truncated>0</truncated>
		<difficult>0</difficult>
		<bndbox>
			<xmin>405</xmin>
			<ymin>2241</ymin>
			<xmax>506</xmax>
			<ymax>2337</ymax>
		</bndbox>
	</object>
	<object>
		<name>persimmon</name>
		<pose>Unspecified</pose>
		<truncated>0</truncated>
		<difficult>0</difficult>
		<bndbox>
			<xmin>702</xmin>
			<ymin>2217</ymin>
			<xmax>783</xmax>
			<ymax>2301</ymax>
		</bndbox>
	</object>
	<object>
		<name>persimmon</name>
		<pose>Unspecified</pose>
		<truncated>0</truncated>
		<difficult>0</difficult>
		<bndbox>
			<xmin>613</xmin>
			<ymin>2251</ymin>
			<xmax>690</xmax>
			<ymax>2317</ymax>
		</bndbox>
	</object>
	<object>
		<name>persimmon</name>
		<pose>Unspecified</pose>
		<truncated>0</truncated>
		<difficult>0</difficult>
		<bndbox>
			<xmin>668</xmin>
			<ymin>2293</ymin>
			<xmax>733</xmax>
			<ymax>2359</ymax>
		</bndbox>
	</object>
	<object>
		<name>persimmon</name>
		<pose>Unspecified</pose>
		<truncated>0</truncated>
		<difficult>0</difficult>
		<bndbox>
			<xmin>495</xmin>
			<ymin>2361</ymin>
			<xmax>588</xmax>
			<ymax>2452</ymax>
		</bndbox>
	</object>
	<object>
		<name>persimmon</name>
		<pose>Unspecified</pose>
		<truncated>0</truncated>
		<difficult>0</difficult>
		<bndbox>
			<xmin>742</xmin>
			<ymin>2319</ymin>
			<xmax>878</xmax>
			<ymax>2476</ymax>
		</bndbox>
	</object>
	<object>
		<name>persimmon</name>
		<pose>Unspecified</pose>
		<truncated>0</truncated>
		<difficult>0</difficult>
		<bndbox>
			<xmin>739</xmin>
			<ymin>2244</ymin>
			<xmax>860</xmax>
			<ymax>2343</ymax>
		</bndbox>
	</object>
	<object>
		<name>persimmon</name>
		<pose>Unspecified</pose>
		<truncated>0</truncated>
		<difficult>0</difficult>
		<bndbox>
			<xmin>695</xmin>
			<ymin>2536</ymin>
			<xmax>770</xmax>
			<ymax>2624</ymax>
		</bndbox>
	</object>
	<object>
		<name>persimmon</name>
		<pose>Unspecified</pose>
		<truncated>0</truncated>
		<difficult>0</difficult>
		<bndbox>
			<xmin>728</xmin>
			<ymin>2617</ymin>
			<xmax>824</xmax>
			<ymax>2706</ymax>
		</bndbox>
	</object>
	<object>
		<name>persimmon</name>
		<pose>Unspecified</pose>
		<truncated>0</truncated>
		<difficult>0</difficult>
		<bndbox>
			<xmin>561</xmin>
			<ymin>2539</ymin>
			<xmax>659</xmax>
			<ymax>2629</ymax>
		</bndbox>
	</object>
	<object>
		<name>persimmon</name>
		<pose>Unspecified</pose>
		<truncated>0</truncated>
		<difficult>0</difficult>
		<bndbox>
			<xmin>504</xmin>
			<ymin>2531</ymin>
			<xmax>589</xmax>
			<ymax>2627</ymax>
		</bndbox>
	</object>
	<object>
		<name>persimmon</name>
		<pose>Unspecified</pose>
		<truncated>0</truncated>
		<difficult>0</difficult>
		<bndbox>
			<xmin>785</xmin>
			<ymin>2854</ymin>
			<xmax>889</xmax>
			<ymax>2959</ymax>
		</bndbox>
	</object>
	<object>
		<name>persimmon</name>
		<pose>Unspecified</pose>
		<truncated>0</truncated>
		<difficult>0</difficult>
		<bndbox>
			<xmin>895</xmin>
			<ymin>2996</ymin>
			<xmax>998</xmax>
			<ymax>3102</ymax>
		</bndbox>
	</object>
	<object>
		<name>persimmon</name>
		<pose>Unspecified</pose>
		<truncated>0</truncated>
		<difficult>0</difficult>
		<bndbox>
			<xmin>24</xmin>
			<ymin>2384</ymin>
			<xmax>126</xmax>
			<ymax>2483</ymax>
		</bndbox>
	</object>
	<object>
		<name>persimmon</name>
		<pose>Unspecified</pose>
		<truncated>0</truncated>
		<difficult>0</difficult>
		<bndbox>
			<xmin>3</xmin>
			<ymin>1368</ymin>
			<xmax>83</xmax>
			<ymax>1462</ymax>
		</bndbox>
	</object>
	<object>
		<name>persimmon</name>
		<pose>Unspecified</pose>
		<truncated>0</truncated>
		<difficult>0</difficult>
		<bndbox>
			<xmin>87</xmin>
			<ymin>1182</ymin>
			<xmax>180</xmax>
			<ymax>1277</ymax>
		</bndbox>
	</object>
	<object>
		<name>persimmon</name>
		<pose>Unspecified</pose>
		<truncated>0</truncated>
		<difficult>0</difficult>
		<bndbox>
			<xmin>207</xmin>
			<ymin>1023</ymin>
			<xmax>305</xmax>
			<ymax>1129</ymax>
		</bndbox>
	</object>
	<object>
		<name>persimmon</name>
		<pose>Unspecified</pose>
		<truncated>0</truncated>
		<difficult>0</difficult>
		<bndbox>
			<xmin>831</xmin>
			<ymin>11</ymin>
			<xmax>942</xmax>
			<ymax>129</ymax>
		</bndbox>
	</object>
</annotation>
