<annotation>
	<folder>王昊天1201-1496</folder>
	<filename>1250.JPEG</filename>
	<path>C:\Users\NHF91\Desktop\王昊天1201-1496\1250.JPEG</path>
	<source>
		<database>Unknown</database>
	</source>
	<size>
		<width>1704</width>
		<height>2167</height>
		<depth>3</depth>
	</size>
	<segmented>0</segmented>
	<object>
		<name>persimmonw</name>
		<pose>Unspecified</pose>
		<truncated>0</truncated>
		<difficult>0</difficult>
		<bndbox>
			<xmin>912</xmin>
			<ymin>1673</ymin>
			<xmax>1063</xmax>
			<ymax>1821</ymax>
		</bndbox>
	</object>
	<object>
		<name>persimmonw</name>
		<pose>Unspecified</pose>
		<truncated>0</truncated>
		<difficult>0</difficult>
		<bndbox>
			<xmin>766</xmin>
			<ymin>1668</ymin>
			<xmax>833</xmax>
			<ymax>1730</ymax>
		</bndbox>
	</object>
	<object>
		<name>persimmonw</name>
		<pose>Unspecified</pose>
		<truncated>0</truncated>
		<difficult>0</difficult>
		<bndbox>
			<xmin>776</xmin>
			<ymin>1763</ymin>
			<xmax>858</xmax>
			<ymax>1826</ymax>
		</bndbox>
	</object>
	<object>
		<name>persimmonw</name>
		<pose>Unspecified</pose>
		<truncated>0</truncated>
		<difficult>0</difficult>
		<bndbox>
			<xmin>781</xmin>
			<ymin>1853</ymin>
			<xmax>838</xmax>
			<ymax>1895</ymax>
		</bndbox>
	</object>
	<object>
		<name>persimmonw</name>
		<pose>Unspecified</pose>
		<truncated>0</truncated>
		<difficult>0</difficult>
		<bndbox>
			<xmin>868</xmin>
			<ymin>1748</ymin>
			<xmax>932</xmax>
			<ymax>1816</ymax>
		</bndbox>
	</object>
	<object>
		<name>persimmonw</name>
		<pose>Unspecified</pose>
		<truncated>0</truncated>
		<difficult>0</difficult>
		<bndbox>
			<xmin>1099</xmin>
			<ymin>1777</ymin>
			<xmax>1213</xmax>
			<ymax>1898</ymax>
		</bndbox>
	</object>
	<object>
		<name>persimmonw</name>
		<pose>Unspecified</pose>
		<truncated>0</truncated>
		<difficult>0</difficult>
		<bndbox>
			<xmin>1271</xmin>
			<ymin>1884</ymin>
			<xmax>1371</xmax>
			<ymax>1973</ymax>
		</bndbox>
	</object>
	<object>
		<name>persimmonw</name>
		<pose>Unspecified</pose>
		<truncated>0</truncated>
		<difficult>0</difficult>
		<bndbox>
			<xmin>1211</xmin>
			<ymin>1880</ymin>
			<xmax>1279</xmax>
			<ymax>1958</ymax>
		</bndbox>
	</object>
	<object>
		<name>persimmonw</name>
		<pose>Unspecified</pose>
		<truncated>0</truncated>
		<difficult>0</difficult>
		<bndbox>
			<xmin>1265</xmin>
			<ymin>1823</ymin>
			<xmax>1356</xmax>
			<ymax>1907</ymax>
		</bndbox>
	</object>
	<object>
		<name>persimmonw</name>
		<pose>Unspecified</pose>
		<truncated>0</truncated>
		<difficult>0</difficult>
		<bndbox>
			<xmin>1310</xmin>
			<ymin>2060</ymin>
			<xmax>1376</xmax>
			<ymax>2103</ymax>
		</bndbox>
	</object>
	<object>
		<name>persimmonw</name>
		<pose>Unspecified</pose>
		<truncated>0</truncated>
		<difficult>0</difficult>
		<bndbox>
			<xmin>1360</xmin>
			<ymin>1994</ymin>
			<xmax>1404</xmax>
			<ymax>2048</ymax>
		</bndbox>
	</object>
	<object>
		<name>persimmonw</name>
		<pose>Unspecified</pose>
		<truncated>0</truncated>
		<difficult>0</difficult>
		<bndbox>
			<xmin>1405</xmin>
			<ymin>2007</ymin>
			<xmax>1465</xmax>
			<ymax>2075</ymax>
		</bndbox>
	</object>
	<object>
		<name>persimmonw</name>
		<pose>Unspecified</pose>
		<truncated>0</truncated>
		<difficult>0</difficult>
		<bndbox>
			<xmin>1426</xmin>
			<ymin>2052</ymin>
			<xmax>1496</xmax>
			<ymax>2111</ymax>
		</bndbox>
	</object>
	<object>
		<name>persimmonw</name>
		<pose>Unspecified</pose>
		<truncated>0</truncated>
		<difficult>0</difficult>
		<bndbox>
			<xmin>1156</xmin>
			<ymin>1775</ymin>
			<xmax>1250</xmax>
			<ymax>1887</ymax>
		</bndbox>
	</object>
	<object>
		<name>persimmonw</name>
		<pose>Unspecified</pose>
		<truncated>0</truncated>
		<difficult>0</difficult>
		<bndbox>
			<xmin>1282</xmin>
			<ymin>1697</ymin>
			<xmax>1369</xmax>
			<ymax>1785</ymax>
		</bndbox>
	</object>
	<object>
		<name>persimmonw</name>
		<pose>Unspecified</pose>
		<truncated>0</truncated>
		<difficult>0</difficult>
		<bndbox>
			<xmin>1196</xmin>
			<ymin>1593</ymin>
			<xmax>1335</xmax>
			<ymax>1719</ymax>
		</bndbox>
	</object>
	<object>
		<name>persimmonw</name>
		<pose>Unspecified</pose>
		<truncated>0</truncated>
		<difficult>0</difficult>
		<bndbox>
			<xmin>915</xmin>
			<ymin>1548</ymin>
			<xmax>1060</xmax>
			<ymax>1665</ymax>
		</bndbox>
	</object>
	<object>
		<name>persimmonw</name>
		<pose>Unspecified</pose>
		<truncated>0</truncated>
		<difficult>0</difficult>
		<bndbox>
			<xmin>1048</xmin>
			<ymin>1564</ymin>
			<xmax>1172</xmax>
			<ymax>1693</ymax>
		</bndbox>
	</object>
	<object>
		<name>persimmonw</name>
		<pose>Unspecified</pose>
		<truncated>0</truncated>
		<difficult>0</difficult>
		<bndbox>
			<xmin>975</xmin>
			<ymin>1528</ymin>
			<xmax>1089</xmax>
			<ymax>1604</ymax>
		</bndbox>
	</object>
	<object>
		<name>persimmonw</name>
		<pose>Unspecified</pose>
		<truncated>0</truncated>
		<difficult>0</difficult>
		<bndbox>
			<xmin>1125</xmin>
			<ymin>1482</ymin>
			<xmax>1216</xmax>
			<ymax>1601</ymax>
		</bndbox>
	</object>
	<object>
		<name>persimmonw</name>
		<pose>Unspecified</pose>
		<truncated>0</truncated>
		<difficult>0</difficult>
		<bndbox>
			<xmin>915</xmin>
			<ymin>1495</ymin>
			<xmax>972</xmax>
			<ymax>1562</ymax>
		</bndbox>
	</object>
	<object>
		<name>persimmonw</name>
		<pose>Unspecified</pose>
		<truncated>0</truncated>
		<difficult>0</difficult>
		<bndbox>
			<xmin>1467</xmin>
			<ymin>1691</ymin>
			<xmax>1516</xmax>
			<ymax>1744</ymax>
		</bndbox>
	</object>
	<object>
		<name>persimmonw</name>
		<pose>Unspecified</pose>
		<truncated>0</truncated>
		<difficult>0</difficult>
		<bndbox>
			<xmin>1514</xmin>
			<ymin>1676</ymin>
			<xmax>1566</xmax>
			<ymax>1733</ymax>
		</bndbox>
	</object>
	<object>
		<name>persimmonw</name>
		<pose>Unspecified</pose>
		<truncated>0</truncated>
		<difficult>0</difficult>
		<bndbox>
			<xmin>1532</xmin>
			<ymin>1598</ymin>
			<xmax>1587</xmax>
			<ymax>1653</ymax>
		</bndbox>
	</object>
	<object>
		<name>persimmonw</name>
		<pose>Unspecified</pose>
		<truncated>0</truncated>
		<difficult>0</difficult>
		<bndbox>
			<xmin>1575</xmin>
			<ymin>1583</ymin>
			<xmax>1630</xmax>
			<ymax>1642</ymax>
		</bndbox>
	</object>
	<object>
		<name>persimmonw</name>
		<pose>Unspecified</pose>
		<truncated>0</truncated>
		<difficult>0</difficult>
		<bndbox>
			<xmin>1489</xmin>
			<ymin>1528</ymin>
			<xmax>1562</xmax>
			<ymax>1607</ymax>
		</bndbox>
	</object>
	<object>
		<name>persimmonw</name>
		<pose>Unspecified</pose>
		<truncated>0</truncated>
		<difficult>0</difficult>
		<bndbox>
			<xmin>1345</xmin>
			<ymin>1593</ymin>
			<xmax>1409</xmax>
			<ymax>1662</ymax>
		</bndbox>
	</object>
	<object>
		<name>persimmonw</name>
		<pose>Unspecified</pose>
		<truncated>0</truncated>
		<difficult>0</difficult>
		<bndbox>
			<xmin>1441</xmin>
			<ymin>1413</ymin>
			<xmax>1522</xmax>
			<ymax>1479</ymax>
		</bndbox>
	</object>
	<object>
		<name>persimmonw</name>
		<pose>Unspecified</pose>
		<truncated>0</truncated>
		<difficult>0</difficult>
		<bndbox>
			<xmin>213</xmin>
			<ymin>1369</ymin>
			<xmax>385</xmax>
			<ymax>1513</ymax>
		</bndbox>
	</object>
	<object>
		<name>persimmonw</name>
		<pose>Unspecified</pose>
		<truncated>0</truncated>
		<difficult>0</difficult>
		<bndbox>
			<xmin>252</xmin>
			<ymin>1443</ymin>
			<xmax>402</xmax>
			<ymax>1551</ymax>
		</bndbox>
	</object>
	<object>
		<name>persimmonw</name>
		<pose>Unspecified</pose>
		<truncated>0</truncated>
		<difficult>0</difficult>
		<bndbox>
			<xmin>500</xmin>
			<ymin>1291</ymin>
			<xmax>559</xmax>
			<ymax>1340</ymax>
		</bndbox>
	</object>
	<object>
		<name>persimmonw</name>
		<pose>Unspecified</pose>
		<truncated>0</truncated>
		<difficult>0</difficult>
		<bndbox>
			<xmin>848</xmin>
			<ymin>914</ymin>
			<xmax>1034</xmax>
			<ymax>1098</ymax>
		</bndbox>
	</object>
	<object>
		<name>persimmonw</name>
		<pose>Unspecified</pose>
		<truncated>0</truncated>
		<difficult>0</difficult>
		<bndbox>
			<xmin>1034</xmin>
			<ymin>901</ymin>
			<xmax>1239</xmax>
			<ymax>1102</ymax>
		</bndbox>
	</object>
	<object>
		<name>persimmonw</name>
		<pose>Unspecified</pose>
		<truncated>0</truncated>
		<difficult>0</difficult>
		<bndbox>
			<xmin>1181</xmin>
			<ymin>899</ymin>
			<xmax>1322</xmax>
			<ymax>1091</ymax>
		</bndbox>
	</object>
	<object>
		<name>persimmonw</name>
		<pose>Unspecified</pose>
		<truncated>0</truncated>
		<difficult>0</difficult>
		<bndbox>
			<xmin>874</xmin>
			<ymin>482</ymin>
			<xmax>1093</xmax>
			<ymax>697</ymax>
		</bndbox>
	</object>
	<object>
		<name>persimmonw</name>
		<pose>Unspecified</pose>
		<truncated>0</truncated>
		<difficult>0</difficult>
		<bndbox>
			<xmin>727</xmin>
			<ymin>329</ymin>
			<xmax>935</xmax>
			<ymax>521</ymax>
		</bndbox>
	</object>
	<object>
		<name>persimmonw</name>
		<pose>Unspecified</pose>
		<truncated>0</truncated>
		<difficult>0</difficult>
		<bndbox>
			<xmin>501</xmin>
			<ymin>717</ymin>
			<xmax>647</xmax>
			<ymax>845</ymax>
		</bndbox>
	</object>
	<object>
		<name>persimmonw</name>
		<pose>Unspecified</pose>
		<truncated>0</truncated>
		<difficult>0</difficult>
		<bndbox>
			<xmin>737</xmin>
			<ymin>926</ymin>
			<xmax>790</xmax>
			<ymax>974</ymax>
		</bndbox>
	</object>
	<object>
		<name>persimmonw</name>
		<pose>Unspecified</pose>
		<truncated>0</truncated>
		<difficult>0</difficult>
		<bndbox>
			<xmin>708</xmin>
			<ymin>866</ymin>
			<xmax>747</xmax>
			<ymax>922</ymax>
		</bndbox>
	</object>
</annotation>
