<annotation>
	<folder>王昊天1201-1496</folder>
	<filename>1256.JPEG</filename>
	<path>C:\Users\NHF91\Desktop\王昊天1201-1496\1256.JPEG</path>
	<source>
		<database>Unknown</database>
	</source>
	<size>
		<width>1641</width>
		<height>941</height>
		<depth>3</depth>
	</size>
	<segmented>0</segmented>
	<object>
		<name>persimmonw</name>
		<pose>Unspecified</pose>
		<truncated>0</truncated>
		<difficult>0</difficult>
		<bndbox>
			<xmin>447</xmin>
			<ymin>648</ymin>
			<xmax>527</xmax>
			<ymax>706</ymax>
		</bndbox>
	</object>
	<object>
		<name>persimmonw</name>
		<pose>Unspecified</pose>
		<truncated>0</truncated>
		<difficult>0</difficult>
		<bndbox>
			<xmin>550</xmin>
			<ymin>613</ymin>
			<xmax>664</xmax>
			<ymax>726</ymax>
		</bndbox>
	</object>
	<object>
		<name>persimmonw</name>
		<pose>Unspecified</pose>
		<truncated>0</truncated>
		<difficult>0</difficult>
		<bndbox>
			<xmin>620</xmin>
			<ymin>728</ymin>
			<xmax>722</xmax>
			<ymax>828</ymax>
		</bndbox>
	</object>
	<object>
		<name>persimmonw</name>
		<pose>Unspecified</pose>
		<truncated>0</truncated>
		<difficult>0</difficult>
		<bndbox>
			<xmin>679</xmin>
			<ymin>647</ymin>
			<xmax>777</xmax>
			<ymax>757</ymax>
		</bndbox>
	</object>
	<object>
		<name>persimmonw</name>
		<pose>Unspecified</pose>
		<truncated>0</truncated>
		<difficult>0</difficult>
		<bndbox>
			<xmin>796</xmin>
			<ymin>640</ymin>
			<xmax>896</xmax>
			<ymax>735</ymax>
		</bndbox>
	</object>
	<object>
		<name>persimmonw</name>
		<pose>Unspecified</pose>
		<truncated>0</truncated>
		<difficult>0</difficult>
		<bndbox>
			<xmin>799</xmin>
			<ymin>561</ymin>
			<xmax>892</xmax>
			<ymax>644</ymax>
		</bndbox>
	</object>
	<object>
		<name>persimmonw</name>
		<pose>Unspecified</pose>
		<truncated>0</truncated>
		<difficult>0</difficult>
		<bndbox>
			<xmin>689</xmin>
			<ymin>583</ymin>
			<xmax>789</xmax>
			<ymax>660</ymax>
		</bndbox>
	</object>
	<object>
		<name>persimmonw</name>
		<pose>Unspecified</pose>
		<truncated>0</truncated>
		<difficult>0</difficult>
		<bndbox>
			<xmin>653</xmin>
			<ymin>540</ymin>
			<xmax>768</xmax>
			<ymax>608</ymax>
		</bndbox>
	</object>
	<object>
		<name>persimmonw</name>
		<pose>Unspecified</pose>
		<truncated>0</truncated>
		<difficult>0</difficult>
		<bndbox>
			<xmin>672</xmin>
			<ymin>504</ymin>
			<xmax>774</xmax>
			<ymax>577</ymax>
		</bndbox>
	</object>
	<object>
		<name>persimmonw</name>
		<pose>Unspecified</pose>
		<truncated>0</truncated>
		<difficult>0</difficult>
		<bndbox>
			<xmin>634</xmin>
			<ymin>458</ymin>
			<xmax>718</xmax>
			<ymax>526</ymax>
		</bndbox>
	</object>
	<object>
		<name>persimmonw</name>
		<pose>Unspecified</pose>
		<truncated>0</truncated>
		<difficult>0</difficult>
		<bndbox>
			<xmin>634</xmin>
			<ymin>370</ymin>
			<xmax>725</xmax>
			<ymax>451</ymax>
		</bndbox>
	</object>
	<object>
		<name>persimmonw</name>
		<pose>Unspecified</pose>
		<truncated>0</truncated>
		<difficult>0</difficult>
		<bndbox>
			<xmin>783</xmin>
			<ymin>383</ymin>
			<xmax>855</xmax>
			<ymax>453</ymax>
		</bndbox>
	</object>
	<object>
		<name>persimmonw</name>
		<pose>Unspecified</pose>
		<truncated>0</truncated>
		<difficult>0</difficult>
		<bndbox>
			<xmin>940</xmin>
			<ymin>397</ymin>
			<xmax>1035</xmax>
			<ymax>492</ymax>
		</bndbox>
	</object>
	<object>
		<name>persimmonw</name>
		<pose>Unspecified</pose>
		<truncated>0</truncated>
		<difficult>0</difficult>
		<bndbox>
			<xmin>1312</xmin>
			<ymin>17</ymin>
			<xmax>1367</xmax>
			<ymax>72</ymax>
		</bndbox>
	</object>
	<object>
		<name>persimmonw</name>
		<pose>Unspecified</pose>
		<truncated>0</truncated>
		<difficult>0</difficult>
		<bndbox>
			<xmin>1519</xmin>
			<ymin>134</ymin>
			<xmax>1587</xmax>
			<ymax>190</ymax>
		</bndbox>
	</object>
	<object>
		<name>persimmonw</name>
		<pose>Unspecified</pose>
		<truncated>0</truncated>
		<difficult>0</difficult>
		<bndbox>
			<xmin>1573</xmin>
			<ymin>112</ymin>
			<xmax>1631</xmax>
			<ymax>170</ymax>
		</bndbox>
	</object>
	<object>
		<name>persimmonw</name>
		<pose>Unspecified</pose>
		<truncated>0</truncated>
		<difficult>0</difficult>
		<bndbox>
			<xmin>1540</xmin>
			<ymin>78</ymin>
			<xmax>1609</xmax>
			<ymax>134</ymax>
		</bndbox>
	</object>
	<object>
		<name>persimmonw</name>
		<pose>Unspecified</pose>
		<truncated>0</truncated>
		<difficult>0</difficult>
		<bndbox>
			<xmin>1567</xmin>
			<ymin>231</ymin>
			<xmax>1634</xmax>
			<ymax>279</ymax>
		</bndbox>
	</object>
	<object>
		<name>persimmonw</name>
		<pose>Unspecified</pose>
		<truncated>0</truncated>
		<difficult>0</difficult>
		<bndbox>
			<xmin>1147</xmin>
			<ymin>560</ymin>
			<xmax>1235</xmax>
			<ymax>641</ymax>
		</bndbox>
	</object>
	<object>
		<name>persimmonw</name>
		<pose>Unspecified</pose>
		<truncated>0</truncated>
		<difficult>0</difficult>
		<bndbox>
			<xmin>1235</xmin>
			<ymin>570</ymin>
			<xmax>1313</xmax>
			<ymax>630</ymax>
		</bndbox>
	</object>
	<object>
		<name>persimmonw</name>
		<pose>Unspecified</pose>
		<truncated>0</truncated>
		<difficult>0</difficult>
		<bndbox>
			<xmin>1181</xmin>
			<ymin>634</ymin>
			<xmax>1272</xmax>
			<ymax>707</ymax>
		</bndbox>
	</object>
	<object>
		<name>persimmonw</name>
		<pose>Unspecified</pose>
		<truncated>0</truncated>
		<difficult>0</difficult>
		<bndbox>
			<xmin>1349</xmin>
			<ymin>725</ymin>
			<xmax>1414</xmax>
			<ymax>779</ymax>
		</bndbox>
	</object>
	<object>
		<name>persimmonw</name>
		<pose>Unspecified</pose>
		<truncated>0</truncated>
		<difficult>0</difficult>
		<bndbox>
			<xmin>1407</xmin>
			<ymin>742</ymin>
			<xmax>1462</xmax>
			<ymax>789</ymax>
		</bndbox>
	</object>
	<object>
		<name>persimmonw</name>
		<pose>Unspecified</pose>
		<truncated>0</truncated>
		<difficult>0</difficult>
		<bndbox>
			<xmin>1368</xmin>
			<ymin>790</ymin>
			<xmax>1434</xmax>
			<ymax>847</ymax>
		</bndbox>
	</object>
	<object>
		<name>persimmonw</name>
		<pose>Unspecified</pose>
		<truncated>0</truncated>
		<difficult>0</difficult>
		<bndbox>
			<xmin>1428</xmin>
			<ymin>796</ymin>
			<xmax>1481</xmax>
			<ymax>859</ymax>
		</bndbox>
	</object>
	<object>
		<name>persimmonw</name>
		<pose>Unspecified</pose>
		<truncated>0</truncated>
		<difficult>0</difficult>
		<bndbox>
			<xmin>1421</xmin>
			<ymin>685</ymin>
			<xmax>1487</xmax>
			<ymax>756</ymax>
		</bndbox>
	</object>
</annotation>
