<annotation>
	<folder>王昊天1201-1496</folder>
	<filename>1257.JPEG</filename>
	<path>C:\Users\NHF91\Desktop\王昊天1201-1496\1257.JPEG</path>
	<source>
		<database>Unknown</database>
	</source>
	<size>
		<width>1778</width>
		<height>1460</height>
		<depth>3</depth>
	</size>
	<segmented>0</segmented>
	<object>
		<name>persimmonw</name>
		<pose>Unspecified</pose>
		<truncated>0</truncated>
		<difficult>0</difficult>
		<bndbox>
			<xmin>1267</xmin>
			<ymin>1218</ymin>
			<xmax>1401</xmax>
			<ymax>1356</ymax>
		</bndbox>
	</object>
	<object>
		<name>persimmonw</name>
		<pose>Unspecified</pose>
		<truncated>0</truncated>
		<difficult>0</difficult>
		<bndbox>
			<xmin>1321</xmin>
			<ymin>1151</ymin>
			<xmax>1434</xmax>
			<ymax>1250</ymax>
		</bndbox>
	</object>
	<object>
		<name>persimmonw</name>
		<pose>Unspecified</pose>
		<truncated>0</truncated>
		<difficult>0</difficult>
		<bndbox>
			<xmin>1413</xmin>
			<ymin>1254</ymin>
			<xmax>1530</xmax>
			<ymax>1379</ymax>
		</bndbox>
	</object>
	<object>
		<name>persimmonw</name>
		<pose>Unspecified</pose>
		<truncated>0</truncated>
		<difficult>0</difficult>
		<bndbox>
			<xmin>1374</xmin>
			<ymin>1030</ymin>
			<xmax>1512</xmax>
			<ymax>1159</ymax>
		</bndbox>
	</object>
	<object>
		<name>persimmonw</name>
		<pose>Unspecified</pose>
		<truncated>0</truncated>
		<difficult>0</difficult>
		<bndbox>
			<xmin>963</xmin>
			<ymin>1117</ymin>
			<xmax>1061</xmax>
			<ymax>1236</ymax>
		</bndbox>
	</object>
	<object>
		<name>persimmonw</name>
		<pose>Unspecified</pose>
		<truncated>0</truncated>
		<difficult>0</difficult>
		<bndbox>
			<xmin>1058</xmin>
			<ymin>1194</ymin>
			<xmax>1153</xmax>
			<ymax>1293</ymax>
		</bndbox>
	</object>
	<object>
		<name>persimmonw</name>
		<pose>Unspecified</pose>
		<truncated>0</truncated>
		<difficult>0</difficult>
		<bndbox>
			<xmin>136</xmin>
			<ymin>1328</ymin>
			<xmax>221</xmax>
			<ymax>1422</ymax>
		</bndbox>
	</object>
	<object>
		<name>persimmonw</name>
		<pose>Unspecified</pose>
		<truncated>0</truncated>
		<difficult>0</difficult>
		<bndbox>
			<xmin>58</xmin>
			<ymin>1381</ymin>
			<xmax>128</xmax>
			<ymax>1437</ymax>
		</bndbox>
	</object>
	<object>
		<name>persimmonw</name>
		<pose>Unspecified</pose>
		<truncated>0</truncated>
		<difficult>0</difficult>
		<bndbox>
			<xmin>23</xmin>
			<ymin>1259</ymin>
			<xmax>77</xmax>
			<ymax>1313</ymax>
		</bndbox>
	</object>
	<object>
		<name>persimmonw</name>
		<pose>Unspecified</pose>
		<truncated>0</truncated>
		<difficult>0</difficult>
		<bndbox>
			<xmin>149</xmin>
			<ymin>1220</ymin>
			<xmax>203</xmax>
			<ymax>1264</ymax>
		</bndbox>
	</object>
	<object>
		<name>persimmonw</name>
		<pose>Unspecified</pose>
		<truncated>0</truncated>
		<difficult>0</difficult>
		<bndbox>
			<xmin>58</xmin>
			<ymin>1209</ymin>
			<xmax>96</xmax>
			<ymax>1264</ymax>
		</bndbox>
	</object>
	<object>
		<name>persimmonw</name>
		<pose>Unspecified</pose>
		<truncated>0</truncated>
		<difficult>0</difficult>
		<bndbox>
			<xmin>391</xmin>
			<ymin>1171</ymin>
			<xmax>469</xmax>
			<ymax>1243</ymax>
		</bndbox>
	</object>
	<object>
		<name>persimmonw</name>
		<pose>Unspecified</pose>
		<truncated>0</truncated>
		<difficult>0</difficult>
		<bndbox>
			<xmin>271</xmin>
			<ymin>1159</ymin>
			<xmax>319</xmax>
			<ymax>1202</ymax>
		</bndbox>
	</object>
	<object>
		<name>persimmonw</name>
		<pose>Unspecified</pose>
		<truncated>0</truncated>
		<difficult>0</difficult>
		<bndbox>
			<xmin>271</xmin>
			<ymin>1114</ymin>
			<xmax>326</xmax>
			<ymax>1157</ymax>
		</bndbox>
	</object>
	<object>
		<name>persimmonw</name>
		<pose>Unspecified</pose>
		<truncated>0</truncated>
		<difficult>0</difficult>
		<bndbox>
			<xmin>153</xmin>
			<ymin>1099</ymin>
			<xmax>211</xmax>
			<ymax>1153</ymax>
		</bndbox>
	</object>
	<object>
		<name>persimmonw</name>
		<pose>Unspecified</pose>
		<truncated>0</truncated>
		<difficult>0</difficult>
		<bndbox>
			<xmin>159</xmin>
			<ymin>1051</ymin>
			<xmax>200</xmax>
			<ymax>1093</ymax>
		</bndbox>
	</object>
	<object>
		<name>persimmonw</name>
		<pose>Unspecified</pose>
		<truncated>0</truncated>
		<difficult>0</difficult>
		<bndbox>
			<xmin>42</xmin>
			<ymin>939</ymin>
			<xmax>96</xmax>
			<ymax>994</ymax>
		</bndbox>
	</object>
	<object>
		<name>persimmonw</name>
		<pose>Unspecified</pose>
		<truncated>0</truncated>
		<difficult>0</difficult>
		<bndbox>
			<xmin>80</xmin>
			<ymin>896</ymin>
			<xmax>132</xmax>
			<ymax>946</ymax>
		</bndbox>
	</object>
	<object>
		<name>persimmonw</name>
		<pose>Unspecified</pose>
		<truncated>0</truncated>
		<difficult>0</difficult>
		<bndbox>
			<xmin>195</xmin>
			<ymin>895</ymin>
			<xmax>270</xmax>
			<ymax>966</ymax>
		</bndbox>
	</object>
	<object>
		<name>persimmonw</name>
		<pose>Unspecified</pose>
		<truncated>0</truncated>
		<difficult>0</difficult>
		<bndbox>
			<xmin>253</xmin>
			<ymin>860</ymin>
			<xmax>323</xmax>
			<ymax>925</ymax>
		</bndbox>
	</object>
	<object>
		<name>persimmonw</name>
		<pose>Unspecified</pose>
		<truncated>0</truncated>
		<difficult>0</difficult>
		<bndbox>
			<xmin>325</xmin>
			<ymin>939</ymin>
			<xmax>399</xmax>
			<ymax>1015</ymax>
		</bndbox>
	</object>
	<object>
		<name>persimmonw</name>
		<pose>Unspecified</pose>
		<truncated>0</truncated>
		<difficult>0</difficult>
		<bndbox>
			<xmin>326</xmin>
			<ymin>904</ymin>
			<xmax>401</xmax>
			<ymax>943</ymax>
		</bndbox>
	</object>
	<object>
		<name>persimmonw</name>
		<pose>Unspecified</pose>
		<truncated>0</truncated>
		<difficult>0</difficult>
		<bndbox>
			<xmin>415</xmin>
			<ymin>901</ymin>
			<xmax>498</xmax>
			<ymax>979</ymax>
		</bndbox>
	</object>
	<object>
		<name>persimmonw</name>
		<pose>Unspecified</pose>
		<truncated>0</truncated>
		<difficult>0</difficult>
		<bndbox>
			<xmin>204</xmin>
			<ymin>583</ymin>
			<xmax>267</xmax>
			<ymax>643</ymax>
		</bndbox>
	</object>
	<object>
		<name>persimmonw</name>
		<pose>Unspecified</pose>
		<truncated>0</truncated>
		<difficult>0</difficult>
		<bndbox>
			<xmin>197</xmin>
			<ymin>543</ymin>
			<xmax>262</xmax>
			<ymax>596</ymax>
		</bndbox>
	</object>
	<object>
		<name>persimmonw</name>
		<pose>Unspecified</pose>
		<truncated>0</truncated>
		<difficult>0</difficult>
		<bndbox>
			<xmin>303</xmin>
			<ymin>675</ymin>
			<xmax>348</xmax>
			<ymax>727</ymax>
		</bndbox>
	</object>
	<object>
		<name>persimmonw</name>
		<pose>Unspecified</pose>
		<truncated>0</truncated>
		<difficult>0</difficult>
		<bndbox>
			<xmin>345</xmin>
			<ymin>647</ymin>
			<xmax>399</xmax>
			<ymax>701</ymax>
		</bndbox>
	</object>
	<object>
		<name>persimmonw</name>
		<pose>Unspecified</pose>
		<truncated>0</truncated>
		<difficult>0</difficult>
		<bndbox>
			<xmin>327</xmin>
			<ymin>600</ymin>
			<xmax>386</xmax>
			<ymax>650</ymax>
		</bndbox>
	</object>
	<object>
		<name>persimmonw</name>
		<pose>Unspecified</pose>
		<truncated>0</truncated>
		<difficult>0</difficult>
		<bndbox>
			<xmin>318</xmin>
			<ymin>522</ymin>
			<xmax>401</xmax>
			<ymax>604</ymax>
		</bndbox>
	</object>
	<object>
		<name>persimmonw</name>
		<pose>Unspecified</pose>
		<truncated>0</truncated>
		<difficult>0</difficult>
		<bndbox>
			<xmin>384</xmin>
			<ymin>553</ymin>
			<xmax>466</xmax>
			<ymax>635</ymax>
		</bndbox>
	</object>
	<object>
		<name>persimmonw</name>
		<pose>Unspecified</pose>
		<truncated>0</truncated>
		<difficult>0</difficult>
		<bndbox>
			<xmin>479</xmin>
			<ymin>506</ymin>
			<xmax>562</xmax>
			<ymax>579</ymax>
		</bndbox>
	</object>
	<object>
		<name>persimmonw</name>
		<pose>Unspecified</pose>
		<truncated>0</truncated>
		<difficult>0</difficult>
		<bndbox>
			<xmin>512</xmin>
			<ymin>669</ymin>
			<xmax>567</xmax>
			<ymax>718</ymax>
		</bndbox>
	</object>
	<object>
		<name>persimmonw</name>
		<pose>Unspecified</pose>
		<truncated>0</truncated>
		<difficult>0</difficult>
		<bndbox>
			<xmin>401</xmin>
			<ymin>415</ymin>
			<xmax>481</xmax>
			<ymax>494</ymax>
		</bndbox>
	</object>
	<object>
		<name>persimmonw</name>
		<pose>Unspecified</pose>
		<truncated>0</truncated>
		<difficult>0</difficult>
		<bndbox>
			<xmin>483</xmin>
			<ymin>419</ymin>
			<xmax>554</xmax>
			<ymax>503</ymax>
		</bndbox>
	</object>
	<object>
		<name>persimmonw</name>
		<pose>Unspecified</pose>
		<truncated>0</truncated>
		<difficult>0</difficult>
		<bndbox>
			<xmin>768</xmin>
			<ymin>322</ymin>
			<xmax>864</xmax>
			<ymax>403</ymax>
		</bndbox>
	</object>
	<object>
		<name>persimmonw</name>
		<pose>Unspecified</pose>
		<truncated>0</truncated>
		<difficult>0</difficult>
		<bndbox>
			<xmin>707</xmin>
			<ymin>249</ymin>
			<xmax>806</xmax>
			<ymax>348</ymax>
		</bndbox>
	</object>
	<object>
		<name>persimmonw</name>
		<pose>Unspecified</pose>
		<truncated>0</truncated>
		<difficult>0</difficult>
		<bndbox>
			<xmin>857</xmin>
			<ymin>215</ymin>
			<xmax>949</xmax>
			<ymax>287</ymax>
		</bndbox>
	</object>
	<object>
		<name>persimmonw</name>
		<pose>Unspecified</pose>
		<truncated>0</truncated>
		<difficult>0</difficult>
		<bndbox>
			<xmin>817</xmin>
			<ymin>207</ymin>
			<xmax>883</xmax>
			<ymax>291</ymax>
		</bndbox>
	</object>
	<object>
		<name>persimmonw</name>
		<pose>Unspecified</pose>
		<truncated>0</truncated>
		<difficult>0</difficult>
		<bndbox>
			<xmin>977</xmin>
			<ymin>205</ymin>
			<xmax>1063</xmax>
			<ymax>294</ymax>
		</bndbox>
	</object>
	<object>
		<name>persimmonw</name>
		<pose>Unspecified</pose>
		<truncated>0</truncated>
		<difficult>0</difficult>
		<bndbox>
			<xmin>1031</xmin>
			<ymin>114</ymin>
			<xmax>1114</xmax>
			<ymax>206</ymax>
		</bndbox>
	</object>
	<object>
		<name>persimmonw</name>
		<pose>Unspecified</pose>
		<truncated>0</truncated>
		<difficult>0</difficult>
		<bndbox>
			<xmin>985</xmin>
			<ymin>123</ymin>
			<xmax>1033</xmax>
			<ymax>204</ymax>
		</bndbox>
	</object>
	<object>
		<name>persimmonw</name>
		<pose>Unspecified</pose>
		<truncated>0</truncated>
		<difficult>0</difficult>
		<bndbox>
			<xmin>908</xmin>
			<ymin>3</ymin>
			<xmax>1010</xmax>
			<ymax>107</ymax>
		</bndbox>
	</object>
	<object>
		<name>persimmonw</name>
		<pose>Unspecified</pose>
		<truncated>0</truncated>
		<difficult>0</difficult>
		<bndbox>
			<xmin>845</xmin>
			<ymin>24</ymin>
			<xmax>913</xmax>
			<ymax>111</ymax>
		</bndbox>
	</object>
	<object>
		<name>persimmonw</name>
		<pose>Unspecified</pose>
		<truncated>0</truncated>
		<difficult>0</difficult>
		<bndbox>
			<xmin>742</xmin>
			<ymin>57</ymin>
			<xmax>809</xmax>
			<ymax>117</ymax>
		</bndbox>
	</object>
	<object>
		<name>persimmonw</name>
		<pose>Unspecified</pose>
		<truncated>0</truncated>
		<difficult>0</difficult>
		<bndbox>
			<xmin>790</xmin>
			<ymin>109</ymin>
			<xmax>877</xmax>
			<ymax>206</ymax>
		</bndbox>
	</object>
	<object>
		<name>persimmonw</name>
		<pose>Unspecified</pose>
		<truncated>0</truncated>
		<difficult>0</difficult>
		<bndbox>
			<xmin>859</xmin>
			<ymin>131</ymin>
			<xmax>916</xmax>
			<ymax>218</ymax>
		</bndbox>
	</object>
	<object>
		<name>persimmonw</name>
		<pose>Unspecified</pose>
		<truncated>0</truncated>
		<difficult>0</difficult>
		<bndbox>
			<xmin>1130</xmin>
			<ymin>136</ymin>
			<xmax>1183</xmax>
			<ymax>188</ymax>
		</bndbox>
	</object>
	<object>
		<name>persimmonw</name>
		<pose>Unspecified</pose>
		<truncated>0</truncated>
		<difficult>0</difficult>
		<bndbox>
			<xmin>1212</xmin>
			<ymin>99</ymin>
			<xmax>1268</xmax>
			<ymax>154</ymax>
		</bndbox>
	</object>
	<object>
		<name>persimmonw</name>
		<pose>Unspecified</pose>
		<truncated>0</truncated>
		<difficult>0</difficult>
		<bndbox>
			<xmin>1078</xmin>
			<ymin>333</ymin>
			<xmax>1181</xmax>
			<ymax>417</ymax>
		</bndbox>
	</object>
	<object>
		<name>persimmonw</name>
		<pose>Unspecified</pose>
		<truncated>0</truncated>
		<difficult>0</difficult>
		<bndbox>
			<xmin>1354</xmin>
			<ymin>328</ymin>
			<xmax>1428</xmax>
			<ymax>403</ymax>
		</bndbox>
	</object>
	<object>
		<name>persimmonw</name>
		<pose>Unspecified</pose>
		<truncated>0</truncated>
		<difficult>0</difficult>
		<bndbox>
			<xmin>1292</xmin>
			<ymin>565</ymin>
			<xmax>1359</xmax>
			<ymax>630</ymax>
		</bndbox>
	</object>
	<object>
		<name>persimmonw</name>
		<pose>Unspecified</pose>
		<truncated>0</truncated>
		<difficult>0</difficult>
		<bndbox>
			<xmin>1524</xmin>
			<ymin>199</ymin>
			<xmax>1597</xmax>
			<ymax>272</ymax>
		</bndbox>
	</object>
	<object>
		<name>persimmonw</name>
		<pose>Unspecified</pose>
		<truncated>0</truncated>
		<difficult>0</difficult>
		<bndbox>
			<xmin>1597</xmin>
			<ymin>196</ymin>
			<xmax>1663</xmax>
			<ymax>259</ymax>
		</bndbox>
	</object>
	<object>
		<name>persimmonw</name>
		<pose>Unspecified</pose>
		<truncated>0</truncated>
		<difficult>0</difficult>
		<bndbox>
			<xmin>1688</xmin>
			<ymin>16</ymin>
			<xmax>1760</xmax>
			<ymax>74</ymax>
		</bndbox>
	</object>
</annotation>
