<annotation>
	<folder>王昊天1201-1496</folder>
	<filename>1279.JPEG</filename>
	<path>C:\Users\NHF91\Desktop\王昊天1201-1496\1279.JPEG</path>
	<source>
		<database>Unknown</database>
	</source>
	<size>
		<width>3131</width>
		<height>2544</height>
		<depth>3</depth>
	</size>
	<segmented>0</segmented>
	<object>
		<name>persimmon</name>
		<pose>Unspecified</pose>
		<truncated>0</truncated>
		<difficult>0</difficult>
		<bndbox>
			<xmin>721</xmin>
			<ymin>78</ymin>
			<xmax>816</xmax>
			<ymax>190</ymax>
		</bndbox>
	</object>
	<object>
		<name>persimmon</name>
		<pose>Unspecified</pose>
		<truncated>0</truncated>
		<difficult>0</difficult>
		<bndbox>
			<xmin>669</xmin>
			<ymin>67</ymin>
			<xmax>721</xmax>
			<ymax>157</ymax>
		</bndbox>
	</object>
	<object>
		<name>persimmon</name>
		<pose>Unspecified</pose>
		<truncated>0</truncated>
		<difficult>0</difficult>
		<bndbox>
			<xmin>1468</xmin>
			<ymin>9</ymin>
			<xmax>1561</xmax>
			<ymax>109</ymax>
		</bndbox>
	</object>
	<object>
		<name>persimmon</name>
		<pose>Unspecified</pose>
		<truncated>0</truncated>
		<difficult>0</difficult>
		<bndbox>
			<xmin>1973</xmin>
			<ymin>19</ymin>
			<xmax>2076</xmax>
			<ymax>115</ymax>
		</bndbox>
	</object>
	<object>
		<name>persimmon</name>
		<pose>Unspecified</pose>
		<truncated>0</truncated>
		<difficult>0</difficult>
		<bndbox>
			<xmin>2121</xmin>
			<ymin>43</ymin>
			<xmax>2198</xmax>
			<ymax>146</ymax>
		</bndbox>
	</object>
	<object>
		<name>persimmon</name>
		<pose>Unspecified</pose>
		<truncated>0</truncated>
		<difficult>0</difficult>
		<bndbox>
			<xmin>2174</xmin>
			<ymin>74</ymin>
			<xmax>2268</xmax>
			<ymax>179</ymax>
		</bndbox>
	</object>
	<object>
		<name>persimmon</name>
		<pose>Unspecified</pose>
		<truncated>0</truncated>
		<difficult>0</difficult>
		<bndbox>
			<xmin>2259</xmin>
			<ymin>84</ymin>
			<xmax>2347</xmax>
			<ymax>172</ymax>
		</bndbox>
	</object>
	<object>
		<name>persimmon</name>
		<pose>Unspecified</pose>
		<truncated>0</truncated>
		<difficult>0</difficult>
		<bndbox>
			<xmin>2541</xmin>
			<ymin>203</ymin>
			<xmax>2610</xmax>
			<ymax>279</ymax>
		</bndbox>
	</object>
	<object>
		<name>persimmon</name>
		<pose>Unspecified</pose>
		<truncated>0</truncated>
		<difficult>0</difficult>
		<bndbox>
			<xmin>2496</xmin>
			<ymin>307</ymin>
			<xmax>2565</xmax>
			<ymax>386</ymax>
		</bndbox>
	</object>
	<object>
		<name>persimmon</name>
		<pose>Unspecified</pose>
		<truncated>0</truncated>
		<difficult>0</difficult>
		<bndbox>
			<xmin>2821</xmin>
			<ymin>425</ymin>
			<xmax>2902</xmax>
			<ymax>502</ymax>
		</bndbox>
	</object>
	<object>
		<name>persimmon</name>
		<pose>Unspecified</pose>
		<truncated>0</truncated>
		<difficult>0</difficult>
		<bndbox>
			<xmin>2760</xmin>
			<ymin>575</ymin>
			<xmax>2833</xmax>
			<ymax>652</ymax>
		</bndbox>
	</object>
	<object>
		<name>persimmon</name>
		<pose>Unspecified</pose>
		<truncated>0</truncated>
		<difficult>0</difficult>
		<bndbox>
			<xmin>2586</xmin>
			<ymin>716</ymin>
			<xmax>2665</xmax>
			<ymax>793</ymax>
		</bndbox>
	</object>
	<object>
		<name>persimmon</name>
		<pose>Unspecified</pose>
		<truncated>0</truncated>
		<difficult>0</difficult>
		<bndbox>
			<xmin>2560</xmin>
			<ymin>784</ymin>
			<xmax>2631</xmax>
			<ymax>849</ymax>
		</bndbox>
	</object>
	<object>
		<name>persimmon</name>
		<pose>Unspecified</pose>
		<truncated>0</truncated>
		<difficult>0</difficult>
		<bndbox>
			<xmin>2517</xmin>
			<ymin>868</ymin>
			<xmax>2579</xmax>
			<ymax>941</ymax>
		</bndbox>
	</object>
	<object>
		<name>persimmon</name>
		<pose>Unspecified</pose>
		<truncated>0</truncated>
		<difficult>0</difficult>
		<bndbox>
			<xmin>2487</xmin>
			<ymin>1175</ymin>
			<xmax>2557</xmax>
			<ymax>1244</ymax>
		</bndbox>
	</object>
	<object>
		<name>persimmon</name>
		<pose>Unspecified</pose>
		<truncated>0</truncated>
		<difficult>0</difficult>
		<bndbox>
			<xmin>2512</xmin>
			<ymin>1227</ymin>
			<xmax>2585</xmax>
			<ymax>1282</ymax>
		</bndbox>
	</object>
	<object>
		<name>persimmon</name>
		<pose>Unspecified</pose>
		<truncated>0</truncated>
		<difficult>0</difficult>
		<bndbox>
			<xmin>2859</xmin>
			<ymin>1344</ymin>
			<xmax>2937</xmax>
			<ymax>1394</ymax>
		</bndbox>
	</object>
	<object>
		<name>persimmon</name>
		<pose>Unspecified</pose>
		<truncated>0</truncated>
		<difficult>0</difficult>
		<bndbox>
			<xmin>2993</xmin>
			<ymin>1416</ymin>
			<xmax>3074</xmax>
			<ymax>1494</ymax>
		</bndbox>
	</object>
	<object>
		<name>persimmon</name>
		<pose>Unspecified</pose>
		<truncated>0</truncated>
		<difficult>0</difficult>
		<bndbox>
			<xmin>2899</xmin>
			<ymin>1412</ymin>
			<xmax>2990</xmax>
			<ymax>1498</ymax>
		</bndbox>
	</object>
	<object>
		<name>persimmon</name>
		<pose>Unspecified</pose>
		<truncated>0</truncated>
		<difficult>0</difficult>
		<bndbox>
			<xmin>2904</xmin>
			<ymin>1512</ymin>
			<xmax>2985</xmax>
			<ymax>1568</ymax>
		</bndbox>
	</object>
	<object>
		<name>persimmon</name>
		<pose>Unspecified</pose>
		<truncated>0</truncated>
		<difficult>0</difficult>
		<bndbox>
			<xmin>2750</xmin>
			<ymin>1520</ymin>
			<xmax>2816</xmax>
			<ymax>1578</ymax>
		</bndbox>
	</object>
	<object>
		<name>persimmon</name>
		<pose>Unspecified</pose>
		<truncated>0</truncated>
		<difficult>0</difficult>
		<bndbox>
			<xmin>2716</xmin>
			<ymin>1566</ymin>
			<xmax>2775</xmax>
			<ymax>1629</ymax>
		</bndbox>
	</object>
	<object>
		<name>persimmon</name>
		<pose>Unspecified</pose>
		<truncated>0</truncated>
		<difficult>0</difficult>
		<bndbox>
			<xmin>2591</xmin>
			<ymin>1544</ymin>
			<xmax>2661</xmax>
			<ymax>1607</ymax>
		</bndbox>
	</object>
	<object>
		<name>persimmon</name>
		<pose>Unspecified</pose>
		<truncated>0</truncated>
		<difficult>0</difficult>
		<bndbox>
			<xmin>2748</xmin>
			<ymin>1678</ymin>
			<xmax>2823</xmax>
			<ymax>1739</ymax>
		</bndbox>
	</object>
	<object>
		<name>persimmon</name>
		<pose>Unspecified</pose>
		<truncated>0</truncated>
		<difficult>0</difficult>
		<bndbox>
			<xmin>2688</xmin>
			<ymin>2157</ymin>
			<xmax>2810</xmax>
			<ymax>2267</ymax>
		</bndbox>
	</object>
	<object>
		<name>persimmon</name>
		<pose>Unspecified</pose>
		<truncated>0</truncated>
		<difficult>0</difficult>
		<bndbox>
			<xmin>2886</xmin>
			<ymin>2117</ymin>
			<xmax>2991</xmax>
			<ymax>2205</ymax>
		</bndbox>
	</object>
	<object>
		<name>persimmon</name>
		<pose>Unspecified</pose>
		<truncated>0</truncated>
		<difficult>0</difficult>
		<bndbox>
			<xmin>2946</xmin>
			<ymin>2182</ymin>
			<xmax>3043</xmax>
			<ymax>2298</ymax>
		</bndbox>
	</object>
	<object>
		<name>persimmon</name>
		<pose>Unspecified</pose>
		<truncated>0</truncated>
		<difficult>0</difficult>
		<bndbox>
			<xmin>3004</xmin>
			<ymin>2259</ymin>
			<xmax>3106</xmax>
			<ymax>2332</ymax>
		</bndbox>
	</object>
	<object>
		<name>persimmon</name>
		<pose>Unspecified</pose>
		<truncated>0</truncated>
		<difficult>0</difficult>
		<bndbox>
			<xmin>2930</xmin>
			<ymin>2429</ymin>
			<xmax>2999</xmax>
			<ymax>2485</ymax>
		</bndbox>
	</object>
	<object>
		<name>persimmon</name>
		<pose>Unspecified</pose>
		<truncated>0</truncated>
		<difficult>0</difficult>
		<bndbox>
			<xmin>2567</xmin>
			<ymin>2121</ymin>
			<xmax>2677</xmax>
			<ymax>2226</ymax>
		</bndbox>
	</object>
	<object>
		<name>persimmon</name>
		<pose>Unspecified</pose>
		<truncated>0</truncated>
		<difficult>0</difficult>
		<bndbox>
			<xmin>2414</xmin>
			<ymin>2001</ymin>
			<xmax>2517</xmax>
			<ymax>2105</ymax>
		</bndbox>
	</object>
	<object>
		<name>persimmon</name>
		<pose>Unspecified</pose>
		<truncated>0</truncated>
		<difficult>0</difficult>
		<bndbox>
			<xmin>2472</xmin>
			<ymin>2138</ymin>
			<xmax>2573</xmax>
			<ymax>2236</ymax>
		</bndbox>
	</object>
	<object>
		<name>persimmon</name>
		<pose>Unspecified</pose>
		<truncated>0</truncated>
		<difficult>0</difficult>
		<bndbox>
			<xmin>2355</xmin>
			<ymin>2064</ymin>
			<xmax>2449</xmax>
			<ymax>2165</ymax>
		</bndbox>
	</object>
	<object>
		<name>persimmon</name>
		<pose>Unspecified</pose>
		<truncated>0</truncated>
		<difficult>0</difficult>
		<bndbox>
			<xmin>2499</xmin>
			<ymin>2050</ymin>
			<xmax>2589</xmax>
			<ymax>2140</ymax>
		</bndbox>
	</object>
	<object>
		<name>persimmon</name>
		<pose>Unspecified</pose>
		<truncated>0</truncated>
		<difficult>0</difficult>
		<bndbox>
			<xmin>2306</xmin>
			<ymin>2232</ymin>
			<xmax>2402</xmax>
			<ymax>2319</ymax>
		</bndbox>
	</object>
	<object>
		<name>persimmon</name>
		<pose>Unspecified</pose>
		<truncated>0</truncated>
		<difficult>0</difficult>
		<bndbox>
			<xmin>2202</xmin>
			<ymin>2170</ymin>
			<xmax>2310</xmax>
			<ymax>2274</ymax>
		</bndbox>
	</object>
	<object>
		<name>persimmon</name>
		<pose>Unspecified</pose>
		<truncated>1</truncated>
		<difficult>0</difficult>
		<bndbox>
			<xmin>2386</xmin>
			<ymin>2433</ymin>
			<xmax>2500</xmax>
			<ymax>2544</ymax>
		</bndbox>
	</object>
	<object>
		<name>persimmon</name>
		<pose>Unspecified</pose>
		<truncated>0</truncated>
		<difficult>0</difficult>
		<bndbox>
			<xmin>2233</xmin>
			<ymin>2440</ymin>
			<xmax>2322</xmax>
			<ymax>2530</ymax>
		</bndbox>
	</object>
	<object>
		<name>persimmon</name>
		<pose>Unspecified</pose>
		<truncated>0</truncated>
		<difficult>0</difficult>
		<bndbox>
			<xmin>1621</xmin>
			<ymin>2319</ymin>
			<xmax>1734</xmax>
			<ymax>2436</ymax>
		</bndbox>
	</object>
	<object>
		<name>persimmon</name>
		<pose>Unspecified</pose>
		<truncated>0</truncated>
		<difficult>0</difficult>
		<bndbox>
			<xmin>1698</xmin>
			<ymin>2237</ymin>
			<xmax>1812</xmax>
			<ymax>2356</ymax>
		</bndbox>
	</object>
	<object>
		<name>persimmon</name>
		<pose>Unspecified</pose>
		<truncated>0</truncated>
		<difficult>0</difficult>
		<bndbox>
			<xmin>1742</xmin>
			<ymin>2427</ymin>
			<xmax>1815</xmax>
			<ymax>2512</ymax>
		</bndbox>
	</object>
	<object>
		<name>persimmon</name>
		<pose>Unspecified</pose>
		<truncated>0</truncated>
		<difficult>0</difficult>
		<bndbox>
			<xmin>2064</xmin>
			<ymin>2307</ymin>
			<xmax>2137</xmax>
			<ymax>2366</ymax>
		</bndbox>
	</object>
	<object>
		<name>persimmon</name>
		<pose>Unspecified</pose>
		<truncated>0</truncated>
		<difficult>0</difficult>
		<bndbox>
			<xmin>42</xmin>
			<ymin>2346</ymin>
			<xmax>162</xmax>
			<ymax>2484</ymax>
		</bndbox>
	</object>
	<object>
		<name>persimmon</name>
		<pose>Unspecified</pose>
		<truncated>0</truncated>
		<difficult>0</difficult>
		<bndbox>
			<xmin>287</xmin>
			<ymin>2049</ymin>
			<xmax>446</xmax>
			<ymax>2230</ymax>
		</bndbox>
	</object>
	<object>
		<name>persimmon</name>
		<pose>Unspecified</pose>
		<truncated>0</truncated>
		<difficult>0</difficult>
		<bndbox>
			<xmin>121</xmin>
			<ymin>1973</ymin>
			<xmax>262</xmax>
			<ymax>2141</ymax>
		</bndbox>
	</object>
	<object>
		<name>persimmon</name>
		<pose>Unspecified</pose>
		<truncated>0</truncated>
		<difficult>0</difficult>
		<bndbox>
			<xmin>274</xmin>
			<ymin>1733</ymin>
			<xmax>433</xmax>
			<ymax>1903</ymax>
		</bndbox>
	</object>
	<object>
		<name>persimmon</name>
		<pose>Unspecified</pose>
		<truncated>0</truncated>
		<difficult>0</difficult>
		<bndbox>
			<xmin>388</xmin>
			<ymin>1750</ymin>
			<xmax>513</xmax>
			<ymax>1898</ymax>
		</bndbox>
	</object>
	<object>
		<name>persimmon</name>
		<pose>Unspecified</pose>
		<truncated>0</truncated>
		<difficult>0</difficult>
		<bndbox>
			<xmin>188</xmin>
			<ymin>1807</ymin>
			<xmax>304</xmax>
			<ymax>1932</ymax>
		</bndbox>
	</object>
	<object>
		<name>persimmon</name>
		<pose>Unspecified</pose>
		<truncated>0</truncated>
		<difficult>0</difficult>
		<bndbox>
			<xmin>13</xmin>
			<ymin>1830</ymin>
			<xmax>151</xmax>
			<ymax>1968</ymax>
		</bndbox>
	</object>
	<object>
		<name>persimmon</name>
		<pose>Unspecified</pose>
		<truncated>0</truncated>
		<difficult>0</difficult>
		<bndbox>
			<xmin>752</xmin>
			<ymin>1208</ymin>
			<xmax>815</xmax>
			<ymax>1285</ymax>
		</bndbox>
	</object>
	<object>
		<name>persimmon</name>
		<pose>Unspecified</pose>
		<truncated>0</truncated>
		<difficult>0</difficult>
		<bndbox>
			<xmin>685</xmin>
			<ymin>1084</ymin>
			<xmax>742</xmax>
			<ymax>1162</ymax>
		</bndbox>
	</object>
	<object>
		<name>persimmon</name>
		<pose>Unspecified</pose>
		<truncated>0</truncated>
		<difficult>0</difficult>
		<bndbox>
			<xmin>528</xmin>
			<ymin>989</ymin>
			<xmax>592</xmax>
			<ymax>1064</ymax>
		</bndbox>
	</object>
	<object>
		<name>persimmon</name>
		<pose>Unspecified</pose>
		<truncated>0</truncated>
		<difficult>0</difficult>
		<bndbox>
			<xmin>573</xmin>
			<ymin>1036</ymin>
			<xmax>637</xmax>
			<ymax>1091</ymax>
		</bndbox>
	</object>
	<object>
		<name>persimmon</name>
		<pose>Unspecified</pose>
		<truncated>0</truncated>
		<difficult>0</difficult>
		<bndbox>
			<xmin>629</xmin>
			<ymin>1003</ymin>
			<xmax>698</xmax>
			<ymax>1073</ymax>
		</bndbox>
	</object>
	<object>
		<name>persimmon</name>
		<pose>Unspecified</pose>
		<truncated>0</truncated>
		<difficult>0</difficult>
		<bndbox>
			<xmin>840</xmin>
			<ymin>937</ymin>
			<xmax>906</xmax>
			<ymax>1009</ymax>
		</bndbox>
	</object>
	<object>
		<name>persimmon</name>
		<pose>Unspecified</pose>
		<truncated>0</truncated>
		<difficult>0</difficult>
		<bndbox>
			<xmin>877</xmin>
			<ymin>918</ymin>
			<xmax>950</xmax>
			<ymax>998</ymax>
		</bndbox>
	</object>
	<object>
		<name>persimmon</name>
		<pose>Unspecified</pose>
		<truncated>0</truncated>
		<difficult>0</difficult>
		<bndbox>
			<xmin>1046</xmin>
			<ymin>899</ymin>
			<xmax>1117</xmax>
			<ymax>976</ymax>
		</bndbox>
	</object>
	<object>
		<name>persimmon</name>
		<pose>Unspecified</pose>
		<truncated>0</truncated>
		<difficult>0</difficult>
		<bndbox>
			<xmin>1060</xmin>
			<ymin>997</ymin>
			<xmax>1129</xmax>
			<ymax>1068</ymax>
		</bndbox>
	</object>
	<object>
		<name>persimmon</name>
		<pose>Unspecified</pose>
		<truncated>0</truncated>
		<difficult>0</difficult>
		<bndbox>
			<xmin>1256</xmin>
			<ymin>1077</ymin>
			<xmax>1315</xmax>
			<ymax>1127</ymax>
		</bndbox>
	</object>
	<object>
		<name>persimmon</name>
		<pose>Unspecified</pose>
		<truncated>0</truncated>
		<difficult>0</difficult>
		<bndbox>
			<xmin>1196</xmin>
			<ymin>1140</ymin>
			<xmax>1254</xmax>
			<ymax>1210</ymax>
		</bndbox>
	</object>
	<object>
		<name>persimmon</name>
		<pose>Unspecified</pose>
		<truncated>0</truncated>
		<difficult>0</difficult>
		<bndbox>
			<xmin>1260</xmin>
			<ymin>1139</ymin>
			<xmax>1330</xmax>
			<ymax>1201</ymax>
		</bndbox>
	</object>
	<object>
		<name>persimmon</name>
		<pose>Unspecified</pose>
		<truncated>0</truncated>
		<difficult>0</difficult>
		<bndbox>
			<xmin>1344</xmin>
			<ymin>1209</ymin>
			<xmax>1406</xmax>
			<ymax>1278</ymax>
		</bndbox>
	</object>
	<object>
		<name>persimmon</name>
		<pose>Unspecified</pose>
		<truncated>0</truncated>
		<difficult>0</difficult>
		<bndbox>
			<xmin>1308</xmin>
			<ymin>1289</ymin>
			<xmax>1369</xmax>
			<ymax>1356</ymax>
		</bndbox>
	</object>
	<object>
		<name>persimmon</name>
		<pose>Unspecified</pose>
		<truncated>0</truncated>
		<difficult>0</difficult>
		<bndbox>
			<xmin>1603</xmin>
			<ymin>969</ymin>
			<xmax>1696</xmax>
			<ymax>1058</ymax>
		</bndbox>
	</object>
	<object>
		<name>persimmon</name>
		<pose>Unspecified</pose>
		<truncated>0</truncated>
		<difficult>0</difficult>
		<bndbox>
			<xmin>1622</xmin>
			<ymin>736</ymin>
			<xmax>1688</xmax>
			<ymax>809</ymax>
		</bndbox>
	</object>
	<object>
		<name>persimmon</name>
		<pose>Unspecified</pose>
		<truncated>0</truncated>
		<difficult>0</difficult>
		<bndbox>
			<xmin>1562</xmin>
			<ymin>759</ymin>
			<xmax>1621</xmax>
			<ymax>826</ymax>
		</bndbox>
	</object>
	<object>
		<name>persimmon</name>
		<pose>Unspecified</pose>
		<truncated>0</truncated>
		<difficult>0</difficult>
		<bndbox>
			<xmin>1562</xmin>
			<ymin>842</ymin>
			<xmax>1620</xmax>
			<ymax>884</ymax>
		</bndbox>
	</object>
	<object>
		<name>persimmon</name>
		<pose>Unspecified</pose>
		<truncated>0</truncated>
		<difficult>0</difficult>
		<bndbox>
			<xmin>1464</xmin>
			<ymin>1442</ymin>
			<xmax>1569</xmax>
			<ymax>1547</ymax>
		</bndbox>
	</object>
	<object>
		<name>persimmon</name>
		<pose>Unspecified</pose>
		<truncated>0</truncated>
		<difficult>0</difficult>
		<bndbox>
			<xmin>1545</xmin>
			<ymin>1800</ymin>
			<xmax>1640</xmax>
			<ymax>1885</ymax>
		</bndbox>
	</object>
	<object>
		<name>persimmon</name>
		<pose>Unspecified</pose>
		<truncated>0</truncated>
		<difficult>0</difficult>
		<bndbox>
			<xmin>1730</xmin>
			<ymin>1857</ymin>
			<xmax>1809</xmax>
			<ymax>1931</ymax>
		</bndbox>
	</object>
	<object>
		<name>persimmon</name>
		<pose>Unspecified</pose>
		<truncated>0</truncated>
		<difficult>0</difficult>
		<bndbox>
			<xmin>1701</xmin>
			<ymin>1823</ymin>
			<xmax>1767</xmax>
			<ymax>1890</ymax>
		</bndbox>
	</object>
	<object>
		<name>persimmon</name>
		<pose>Unspecified</pose>
		<truncated>0</truncated>
		<difficult>0</difficult>
		<bndbox>
			<xmin>2202</xmin>
			<ymin>1564</ymin>
			<xmax>2248</xmax>
			<ymax>1629</ymax>
		</bndbox>
	</object>
	<object>
		<name>persimmon</name>
		<pose>Unspecified</pose>
		<truncated>0</truncated>
		<difficult>0</difficult>
		<bndbox>
			<xmin>2195</xmin>
			<ymin>1334</ymin>
			<xmax>2310</xmax>
			<ymax>1437</ymax>
		</bndbox>
	</object>
	<object>
		<name>persimmon</name>
		<pose>Unspecified</pose>
		<truncated>0</truncated>
		<difficult>0</difficult>
		<bndbox>
			<xmin>2192</xmin>
			<ymin>803</ymin>
			<xmax>2246</xmax>
			<ymax>876</ymax>
		</bndbox>
	</object>
	<object>
		<name>persimmon</name>
		<pose>Unspecified</pose>
		<truncated>0</truncated>
		<difficult>0</difficult>
		<bndbox>
			<xmin>2255</xmin>
			<ymin>847</ymin>
			<xmax>2323</xmax>
			<ymax>920</ymax>
		</bndbox>
	</object>
	<object>
		<name>persimmon</name>
		<pose>Unspecified</pose>
		<truncated>0</truncated>
		<difficult>0</difficult>
		<bndbox>
			<xmin>2312</xmin>
			<ymin>806</ymin>
			<xmax>2388</xmax>
			<ymax>866</ymax>
		</bndbox>
	</object>
	<object>
		<name>persimmon</name>
		<pose>Unspecified</pose>
		<truncated>0</truncated>
		<difficult>0</difficult>
		<bndbox>
			<xmin>2253</xmin>
			<ymin>695</ymin>
			<xmax>2323</xmax>
			<ymax>776</ymax>
		</bndbox>
	</object>
	<object>
		<name>persimmon</name>
		<pose>Unspecified</pose>
		<truncated>0</truncated>
		<difficult>0</difficult>
		<bndbox>
			<xmin>2324</xmin>
			<ymin>749</ymin>
			<xmax>2389</xmax>
			<ymax>805</ymax>
		</bndbox>
	</object>
	<object>
		<name>persimmon</name>
		<pose>Unspecified</pose>
		<truncated>0</truncated>
		<difficult>0</difficult>
		<bndbox>
			<xmin>2180</xmin>
			<ymin>1162</ymin>
			<xmax>2250</xmax>
			<ymax>1220</ymax>
		</bndbox>
	</object>
</annotation>
