<annotation>
	<folder>王昊天1201-1496</folder>
	<filename>1323.JPEG</filename>
	<path>C:\Users\NHF91\Desktop\王昊天1201-1496\1323.JPEG</path>
	<source>
		<database>Unknown</database>
	</source>
	<size>
		<width>1443</width>
		<height>961</height>
		<depth>3</depth>
	</size>
	<segmented>0</segmented>
	<object>
		<name>persimmon</name>
		<pose>Unspecified</pose>
		<truncated>0</truncated>
		<difficult>0</difficult>
		<bndbox>
			<xmin>219</xmin>
			<ymin>31</ymin>
			<xmax>297</xmax>
			<ymax>104</ymax>
		</bndbox>
	</object>
	<object>
		<name>persimmon</name>
		<pose>Unspecified</pose>
		<truncated>0</truncated>
		<difficult>0</difficult>
		<bndbox>
			<xmin>30</xmin>
			<ymin>73</ymin>
			<xmax>102</xmax>
			<ymax>141</ymax>
		</bndbox>
	</object>
	<object>
		<name>persimmon</name>
		<pose>Unspecified</pose>
		<truncated>0</truncated>
		<difficult>0</difficult>
		<bndbox>
			<xmin>20</xmin>
			<ymin>186</ymin>
			<xmax>84</xmax>
			<ymax>260</ymax>
		</bndbox>
	</object>
	<object>
		<name>persimmon</name>
		<pose>Unspecified</pose>
		<truncated>0</truncated>
		<difficult>0</difficult>
		<bndbox>
			<xmin>78</xmin>
			<ymin>179</ymin>
			<xmax>154</xmax>
			<ymax>252</ymax>
		</bndbox>
	</object>
	<object>
		<name>persimmon</name>
		<pose>Unspecified</pose>
		<truncated>0</truncated>
		<difficult>0</difficult>
		<bndbox>
			<xmin>90</xmin>
			<ymin>730</ymin>
			<xmax>140</xmax>
			<ymax>796</ymax>
		</bndbox>
	</object>
	<object>
		<name>persimmon</name>
		<pose>Unspecified</pose>
		<truncated>0</truncated>
		<difficult>0</difficult>
		<bndbox>
			<xmin>132</xmin>
			<ymin>708</ymin>
			<xmax>203</xmax>
			<ymax>769</ymax>
		</bndbox>
	</object>
	<object>
		<name>persimmon</name>
		<pose>Unspecified</pose>
		<truncated>1</truncated>
		<difficult>0</difficult>
		<bndbox>
			<xmin>58</xmin>
			<ymin>939</ymin>
			<xmax>114</xmax>
			<ymax>961</ymax>
		</bndbox>
	</object>
	<object>
		<name>persimmon</name>
		<pose>Unspecified</pose>
		<truncated>0</truncated>
		<difficult>0</difficult>
		<bndbox>
			<xmin>643</xmin>
			<ymin>854</ymin>
			<xmax>724</xmax>
			<ymax>934</ymax>
		</bndbox>
	</object>
	<object>
		<name>persimmon</name>
		<pose>Unspecified</pose>
		<truncated>0</truncated>
		<difficult>0</difficult>
		<bndbox>
			<xmin>637</xmin>
			<ymin>775</ymin>
			<xmax>710</xmax>
			<ymax>852</ymax>
		</bndbox>
	</object>
	<object>
		<name>persimmon</name>
		<pose>Unspecified</pose>
		<truncated>0</truncated>
		<difficult>0</difficult>
		<bndbox>
			<xmin>670</xmin>
			<ymin>710</ymin>
			<xmax>732</xmax>
			<ymax>782</ymax>
		</bndbox>
	</object>
	<object>
		<name>persimmon</name>
		<pose>Unspecified</pose>
		<truncated>0</truncated>
		<difficult>0</difficult>
		<bndbox>
			<xmin>726</xmin>
			<ymin>712</ymin>
			<xmax>787</xmax>
			<ymax>779</ymax>
		</bndbox>
	</object>
	<object>
		<name>persimmon</name>
		<pose>Unspecified</pose>
		<truncated>0</truncated>
		<difficult>0</difficult>
		<bndbox>
			<xmin>746</xmin>
			<ymin>703</ymin>
			<xmax>817</xmax>
			<ymax>774</ymax>
		</bndbox>
	</object>
	<object>
		<name>persimmon</name>
		<pose>Unspecified</pose>
		<truncated>0</truncated>
		<difficult>0</difficult>
		<bndbox>
			<xmin>798</xmin>
			<ymin>732</ymin>
			<xmax>859</xmax>
			<ymax>796</ymax>
		</bndbox>
	</object>
	<object>
		<name>persimmon</name>
		<pose>Unspecified</pose>
		<truncated>0</truncated>
		<difficult>0</difficult>
		<bndbox>
			<xmin>739</xmin>
			<ymin>889</ymin>
			<xmax>816</xmax>
			<ymax>960</ymax>
		</bndbox>
	</object>
	<object>
		<name>persimmon</name>
		<pose>Unspecified</pose>
		<truncated>0</truncated>
		<difficult>0</difficult>
		<bndbox>
			<xmin>792</xmin>
			<ymin>820</ymin>
			<xmax>848</xmax>
			<ymax>872</ymax>
		</bndbox>
	</object>
	<object>
		<name>persimmon</name>
		<pose>Unspecified</pose>
		<truncated>1</truncated>
		<difficult>0</difficult>
		<bndbox>
			<xmin>819</xmin>
			<ymin>913</ymin>
			<xmax>871</xmax>
			<ymax>961</ymax>
		</bndbox>
	</object>
	<object>
		<name>persimmon</name>
		<pose>Unspecified</pose>
		<truncated>0</truncated>
		<difficult>0</difficult>
		<bndbox>
			<xmin>933</xmin>
			<ymin>699</ymin>
			<xmax>989</xmax>
			<ymax>761</ymax>
		</bndbox>
	</object>
	<object>
		<name>persimmon</name>
		<pose>Unspecified</pose>
		<truncated>0</truncated>
		<difficult>0</difficult>
		<bndbox>
			<xmin>969</xmin>
			<ymin>616</ymin>
			<xmax>1033</xmax>
			<ymax>674</ymax>
		</bndbox>
	</object>
	<object>
		<name>persimmon</name>
		<pose>Unspecified</pose>
		<truncated>0</truncated>
		<difficult>0</difficult>
		<bndbox>
			<xmin>1000</xmin>
			<ymin>723</ymin>
			<xmax>1085</xmax>
			<ymax>819</ymax>
		</bndbox>
	</object>
	<object>
		<name>persimmon</name>
		<pose>Unspecified</pose>
		<truncated>0</truncated>
		<difficult>0</difficult>
		<bndbox>
			<xmin>1046</xmin>
			<ymin>673</ymin>
			<xmax>1116</xmax>
			<ymax>764</ymax>
		</bndbox>
	</object>
	<object>
		<name>persimmon</name>
		<pose>Unspecified</pose>
		<truncated>0</truncated>
		<difficult>0</difficult>
		<bndbox>
			<xmin>1104</xmin>
			<ymin>624</ymin>
			<xmax>1197</xmax>
			<ymax>721</ymax>
		</bndbox>
	</object>
	<object>
		<name>persimmon</name>
		<pose>Unspecified</pose>
		<truncated>0</truncated>
		<difficult>0</difficult>
		<bndbox>
			<xmin>1217</xmin>
			<ymin>726</ymin>
			<xmax>1270</xmax>
			<ymax>790</ymax>
		</bndbox>
	</object>
	<object>
		<name>persimmon</name>
		<pose>Unspecified</pose>
		<truncated>0</truncated>
		<difficult>0</difficult>
		<bndbox>
			<xmin>1355</xmin>
			<ymin>783</ymin>
			<xmax>1428</xmax>
			<ymax>853</ymax>
		</bndbox>
	</object>
	<object>
		<name>persimmon</name>
		<pose>Unspecified</pose>
		<truncated>0</truncated>
		<difficult>0</difficult>
		<bndbox>
			<xmin>830</xmin>
			<ymin>515</ymin>
			<xmax>886</xmax>
			<ymax>568</ymax>
		</bndbox>
	</object>
	<object>
		<name>persimmon</name>
		<pose>Unspecified</pose>
		<truncated>0</truncated>
		<difficult>0</difficult>
		<bndbox>
			<xmin>854</xmin>
			<ymin>478</ymin>
			<xmax>915</xmax>
			<ymax>522</ymax>
		</bndbox>
	</object>
	<object>
		<name>persimmon</name>
		<pose>Unspecified</pose>
		<truncated>0</truncated>
		<difficult>0</difficult>
		<bndbox>
			<xmin>814</xmin>
			<ymin>438</ymin>
			<xmax>875</xmax>
			<ymax>492</ymax>
		</bndbox>
	</object>
	<object>
		<name>persimmon</name>
		<pose>Unspecified</pose>
		<truncated>0</truncated>
		<difficult>0</difficult>
		<bndbox>
			<xmin>693</xmin>
			<ymin>304</ymin>
			<xmax>786</xmax>
			<ymax>392</ymax>
		</bndbox>
	</object>
	<object>
		<name>persimmon</name>
		<pose>Unspecified</pose>
		<truncated>0</truncated>
		<difficult>0</difficult>
		<bndbox>
			<xmin>841</xmin>
			<ymin>300</ymin>
			<xmax>929</xmax>
			<ymax>382</ymax>
		</bndbox>
	</object>
	<object>
		<name>persimmon</name>
		<pose>Unspecified</pose>
		<truncated>0</truncated>
		<difficult>0</difficult>
		<bndbox>
			<xmin>729</xmin>
			<ymin>214</ymin>
			<xmax>829</xmax>
			<ymax>293</ymax>
		</bndbox>
	</object>
	<object>
		<name>persimmon</name>
		<pose>Unspecified</pose>
		<truncated>0</truncated>
		<difficult>0</difficult>
		<bndbox>
			<xmin>991</xmin>
			<ymin>268</ymin>
			<xmax>1063</xmax>
			<ymax>331</ymax>
		</bndbox>
	</object>
	<object>
		<name>persimmon</name>
		<pose>Unspecified</pose>
		<truncated>0</truncated>
		<difficult>0</difficult>
		<bndbox>
			<xmin>1001</xmin>
			<ymin>247</ymin>
			<xmax>1070</xmax>
			<ymax>283</ymax>
		</bndbox>
	</object>
	<object>
		<name>persimmon</name>
		<pose>Unspecified</pose>
		<truncated>0</truncated>
		<difficult>0</difficult>
		<bndbox>
			<xmin>1034</xmin>
			<ymin>173</ymin>
			<xmax>1096</xmax>
			<ymax>240</ymax>
		</bndbox>
	</object>
	<object>
		<name>persimmon</name>
		<pose>Unspecified</pose>
		<truncated>0</truncated>
		<difficult>0</difficult>
		<bndbox>
			<xmin>1097</xmin>
			<ymin>237</ymin>
			<xmax>1155</xmax>
			<ymax>294</ymax>
		</bndbox>
	</object>
	<object>
		<name>persimmon</name>
		<pose>Unspecified</pose>
		<truncated>0</truncated>
		<difficult>0</difficult>
		<bndbox>
			<xmin>1138</xmin>
			<ymin>252</ymin>
			<xmax>1197</xmax>
			<ymax>315</ymax>
		</bndbox>
	</object>
	<object>
		<name>persimmon</name>
		<pose>Unspecified</pose>
		<truncated>0</truncated>
		<difficult>0</difficult>
		<bndbox>
			<xmin>1190</xmin>
			<ymin>166</ymin>
			<xmax>1250</xmax>
			<ymax>230</ymax>
		</bndbox>
	</object>
	<object>
		<name>persimmon</name>
		<pose>Unspecified</pose>
		<truncated>0</truncated>
		<difficult>0</difficult>
		<bndbox>
			<xmin>1193</xmin>
			<ymin>352</ymin>
			<xmax>1257</xmax>
			<ymax>412</ymax>
		</bndbox>
	</object>
	<object>
		<name>persimmon</name>
		<pose>Unspecified</pose>
		<truncated>0</truncated>
		<difficult>0</difficult>
		<bndbox>
			<xmin>1184</xmin>
			<ymin>231</ymin>
			<xmax>1241</xmax>
			<ymax>274</ymax>
		</bndbox>
	</object>
	<object>
		<name>persimmon</name>
		<pose>Unspecified</pose>
		<truncated>0</truncated>
		<difficult>0</difficult>
		<bndbox>
			<xmin>346</xmin>
			<ymin>654</ymin>
			<xmax>416</xmax>
			<ymax>717</ymax>
		</bndbox>
	</object>
	<object>
		<name>persimmon</name>
		<pose>Unspecified</pose>
		<truncated>0</truncated>
		<difficult>0</difficult>
		<bndbox>
			<xmin>316</xmin>
			<ymin>608</ymin>
			<xmax>376</xmax>
			<ymax>662</ymax>
		</bndbox>
	</object>
	<object>
		<name>persimmon</name>
		<pose>Unspecified</pose>
		<truncated>0</truncated>
		<difficult>0</difficult>
		<bndbox>
			<xmin>290</xmin>
			<ymin>563</ymin>
			<xmax>346</xmax>
			<ymax>625</ymax>
		</bndbox>
	</object>
</annotation>
